Organism name,Accession number,Length,Number of decoupled nucleotides,Number of weak bonds,Is Pseudoknotted,Pseudoknot order,Rna Type,Genus,Core,Core plus,Shape,Is Validated,Reference database, Description, Benchmark ID, Reference
Tetrahymena thermophila, 8i7n,419,149,270, Yes,2, Group I Introns,3, ()([)({)((()(]))()[)()](()(})()), ()([[)((({)))((((((((()(]])))))))((()))[[))()]]((()((}))((())))), ([)({)((])[)](}), Yes, PDB, https://www.rcsb.org/structure/8i7n, PDB_GII_E_10, --
Tetrahymena thermophila, 6bjx,158,62,96, No,0, Group I Introns,0, (()())(), (((((((()())))))))((())), --, Yes, PDB, https://www.rcsb.org/structure/6bjx, PDB_GII_E_11, --
Tetrahymena thermophila, 6d8l,158,62,96, No,0, Group I Introns,0, (()())(), (((((((()())))))))((())),--, Yes, PDB, https://www.rcsb.org/structure/6d8l, PDB_GII_E_12, --
Tetrahymena thermophila, 6d8n,159,65,94, No,0, Group I Introns,0, (()())(), (((((((()())))))))((())),--, Yes, PDB, https://www.rcsb.org/structure/6d8n, PDB_GII_E_13, --
Tetrahymena thermophila, 6d8o,158,64,94, No,0, Group I Introns,0, (()())(), (((((((()())))))))(((()))),--, Yes, PDB, https://www.rcsb.org/structure/6d8o, PDB_GII_E_14, --
Tetrahymena thermophila, 6d8m,159,61,98, No,0, Group I Introns,0, (()())(), (((((((()())))))))((())),--, Yes, PDB, https://www.rcsb.org/structure/6d8m, PDB_GII_E_15, -- 
Tetrahymena thermophila, 7xd3,423,145,278, Yes,2, Group I Introns,3, ()([)({)((()(]))()[)()](()(})()), ((()))([[)((({)))((((((((()(]])))))))((()))[[))()]]((()((}))((())))), ([)({)((])[)](}), Yes, PDB, https://www.rcsb.org/structure/7xd3, PDB_GII_E_16, --
Tetrahymena thermophila, 7xd4,423,149,274, Yes,2, Group I Introns,3, ()([)({)((()(]))()[)()](()(})()), (((())))([[)((({)))((((((((()(]])))))))((()))[[))()]]((()((}))((())))), ([)({)((])[)](}), Yes, PDB, https://www.rcsb.org/structure/7xd4, PDB_GII_E_17, -- 
Tetrahymena thermophila, 7xd5,400,140,260, Yes,2, Group I Introns,3, ([)({)((()(]))()[)()](()(})()), ([[)((({)))((((((((()(]])))))))((()))[[))()]]((()((}))((())))), ([)({)((])[)](}), Yes, PDB, https://www.rcsb.org/structure/7xd5, PDB_GII_E_18, --
Tetrahymena thermophila, 7xd6,434,168,266, Yes,2, Group I Introns,3, (([)({)((()(]))()[)()](()(})()))(), (([[)((({)))((((((((()(]])))))))((()))[[))()]]((()((}))(()))))(), (([)({)((])[)](})), Yes, PDB, https://www.rcsb.org/structure/7xd6, PDB_GII_E_20, --
Tetrahymena thermophila, 7xd7,405,147,258, Yes,2, Group I Introns,3, ()([)({)((()(]))()[)()](()(})()), ((()))([[)((({)))((((((((()(]])))))))((()))[[))()]](()((}))(((())))), ([)({)((])[)](}), Yes, PDB, https://www.rcsb.org/structure/7xd7, PDB_GII_E_22, -- 
Tetrahymena thermophila, 7r6n,354,114,240, Yes,2, Group I Introns,4, ([)({)((()(]))()[)()](()(})()), ([[)(((({))))(((((((((())(]])))))))((()))[[))()]]((()((}))())), ([)({)((])[)](}), Yes, PDB, https://www.rcsb.org/structure/7r6n, PDB_GII_E_3, --
Tetrahymena thermophila, 8hd6,419,139,280, Yes,2, Group I Introns,3, ()([)({)((()(]))()[)()](()(})()), ((()))([[)((({)))((((((((()(]])))))))((()))[[))()]]((()((}))((())))), ([)({)((])[)](}), Yes, PDB, https://www.rcsb.org/structure/8hd6, PDB_GII_E_8, -- 
Tetrahymena thermophila, 8hd7,419,147,272, Yes,2, Group I Introns,3, ()([)({)((()(]))()[)()](()(})()), ((()))([[)((({)))((((((((()(]])))))))((()))[[))()]]((()((}))((())))), ([)({)((])[)](}), Yes, PDB, https://www.rcsb.org/structure/8hd7, PDB_GII_E_9, -- 
