Col0_Molecola1,Col1_Molecola1,Col0_Molecola2,Col1_Molecola2,ValoreAllineamento,Allineamento1,Allineamento2
Homo sapiens,1na2,Homo sapiens,1q75,1,"(((,1) <-> (),2))","(((,0) <-> (),1))"
Homo sapiens,1na2,Homo sapiens,1ymo,1,"(((,1) <-> (),2))","(((,0) <-> (),2))"
Homo sapiens,1na2,Tetrahymena thermophila,2fey,2,"(((,0) <-> (),3)),(((,1) <-> (),2))","(((,2) <-> (),5)),(((,3) <-> (),4))"
Homo sapiens,1na2,Homo sapiens,2k95,1,"(((,1) <-> (),2))","(((,0) <-> (),3))"
Homo sapiens,1na2,Oryzias latipes,2mhi,2,"(((,0) <-> (),3)),(((,1) <-> (),2))","(((,6) <-> (),9)),(((,7) <-> (),8))"
Homo sapiens,1na2,Homo sapiens,2qh2,2,"(((,0) <-> (),3)),(((,1) <-> (),2))","(((,0) <-> (),3)),(((,1) <-> (),2))"
Homo sapiens,1na2,Tetrahymena thermophila,5kmz,1,"(((,1) <-> (),2))","(((,0) <-> (),4))"
Homo sapiens,1na2,Oryzias latipes,5kqe,2,"(((,0) <-> (),3)),(((,1) <-> (),2))","(((,1) <-> (),4)),(((,2) <-> (),3))"
Homo sapiens,1na2,Tetrahymena thermophila,7lma,2,"(((,0) <-> (),3)),(((,1) <-> (),2))","(((,17) <-> (),20)),(((,18) <-> (),19))"
Homo sapiens,1na2,Tetrahymena thermophila,7lmb,2,"(((,0) <-> (),3)),(((,1) <-> (),2))","(((,14) <-> (),17)),(((,15) <-> (),16))"
Homo sapiens,1na2,Homo sapiens,7qxa,2,"(((,0) <-> (),3)),(((,1) <-> (),2))","(((,33) <-> (),34)),(((,40) <-> (),41))"
Homo sapiens,1na2,Homo sapiens,7qxb,2,"(((,0) <-> (),3)),(((,1) <-> (),2))","(((,29) <-> (),30)),(((,35) <-> (),36))"
Homo sapiens,1na2,Homo sapiens,7trd,2,"(((,0) <-> (),3)),(((,1) <-> (),2))","(((,35) <-> (),38)),(((,36) <-> (),37))"
Homo sapiens,1na2,Homo sapiens,7tre,2,"(((,0) <-> (),3)),(((,1) <-> (),2))","(((,33) <-> (),36)),(((,34) <-> (),35))"
Homo sapiens,1na2,Homo sapiens,7trf,2,"(((,0) <-> (),3)),(((,1) <-> (),2))","(((,33) <-> (),36)),(((,34) <-> (),35))"
Homo sapiens,1na2,Tetrahymena thermophila,7uy5,2,"(((,0) <-> (),3)),(((,1) <-> (),2))","(((,17) <-> (),20)),(((,18) <-> (),19))"
Homo sapiens,1na2,Tetrahymena thermophila,7uy6,2,"(((,0) <-> (),3)),(((,1) <-> (),2))","(((,18) <-> (),21)),(((,19) <-> (),20))"
Homo sapiens,1na2,Homo sapiens,7v9a,2,"(((,0) <-> (),3)),(((,1) <-> (),2))","(((,17) <-> (),20)),(((,18) <-> (),19))"
Homo sapiens,1na2,Homo sapiens,7v99,2,"(((,0) <-> (),3)),(((,1) <-> (),2))","(((,27) <-> (),28)),(((,33) <-> (),34))"
Homo sapiens,1na2,Tetrahymena thermophila,8gap,2,"(((,0) <-> (),3)),(((,1) <-> (),2))","(((,18) <-> (),21)),(((,19) <-> (),20))"
Homo sapiens,1q75,Homo sapiens,1ymo,1,"(((,0) <-> (),1))","(((,0) <-> (),2))"
Homo sapiens,1q75,Tetrahymena thermophila,2fey,1,"(((,0) <-> (),1))","(((,3) <-> (),4))"
Homo sapiens,1q75,Homo sapiens,2k95,1,"(((,0) <-> (),1))","(((,0) <-> (),3))"
Homo sapiens,1q75,Oryzias latipes,2mhi,1,"(((,0) <-> (),1))","(((,7) <-> (),8))"
Homo sapiens,1q75,Homo sapiens,2qh2,1,"(((,0) <-> (),1))","(((,1) <-> (),2))"
Homo sapiens,1q75,Tetrahymena thermophila,5kmz,1,"(((,0) <-> (),1))","(((,0) <-> (),4))"
Homo sapiens,1q75,Oryzias latipes,5kqe,1,"(((,0) <-> (),1))","(((,2) <-> (),3))"
Homo sapiens,1q75,Tetrahymena thermophila,7lma,1,"(((,0) <-> (),1))","(((,18) <-> (),19))"
Homo sapiens,1q75,Tetrahymena thermophila,7lmb,1,"(((,0) <-> (),1))","(((,15) <-> (),16))"
Homo sapiens,1q75,Homo sapiens,7qxa,1,"(((,0) <-> (),1))","(((,40) <-> (),41))"
Homo sapiens,1q75,Homo sapiens,7qxb,1,"(((,0) <-> (),1))","(((,35) <-> (),36))"
Homo sapiens,1q75,Homo sapiens,7trd,1,"(((,0) <-> (),1))","(((,36) <-> (),37))"
Homo sapiens,1q75,Homo sapiens,7tre,1,"(((,0) <-> (),1))","(((,34) <-> (),35))"
Homo sapiens,1q75,Homo sapiens,7trf,1,"(((,0) <-> (),1))","(((,34) <-> (),35))"
Homo sapiens,1q75,Tetrahymena thermophila,7uy5,1,"(((,0) <-> (),1))","(((,18) <-> (),19))"
Homo sapiens,1q75,Tetrahymena thermophila,7uy6,1,"(((,0) <-> (),1))","(((,19) <-> (),20))"
Homo sapiens,1q75,Homo sapiens,7v9a,1,"(((,0) <-> (),1))","(((,18) <-> (),19))"
Homo sapiens,1q75,Homo sapiens,7v99,1,"(((,0) <-> (),1))","(((,33) <-> (),34))"
Homo sapiens,1q75,Tetrahymena thermophila,8gap,1,"(((,0) <-> (),1))","(((,19) <-> (),20))"
Homo sapiens,1ymo,Tetrahymena thermophila,2fey,1,"(((,0) <-> (),2))","(((,3) <-> (),4))"
Homo sapiens,1ymo,Homo sapiens,2k95,2,"(((,0) <-> (),2)),(([,1) <-> (],3))","(((,0) <-> (),3)),(([,1) <-> (],5))"
Homo sapiens,1ymo,Oryzias latipes,2mhi,1,"(((,0) <-> (),2))","(((,7) <-> (),8))"
Homo sapiens,1ymo,Homo sapiens,2qh2,1,"(((,0) <-> (),2))","(((,1) <-> (),2))"
Homo sapiens,1ymo,Tetrahymena thermophila,5kmz,2,"(((,0) <-> (),2)),(([,1) <-> (],3))","(((,0) <-> (),4)),(([,1) <-> (],6))"
Homo sapiens,1ymo,Oryzias latipes,5kqe,1,"(((,0) <-> (),2))","(((,2) <-> (),3))"
Homo sapiens,1ymo,Tetrahymena thermophila,7lma,2,"(((,0) <-> (),2)),(([,1) <-> (],3))","(((,7) <-> (),10)),(([,8) <-> (],12))"
Homo sapiens,1ymo,Tetrahymena thermophila,7lmb,2,"(((,0) <-> (),2)),(([,1) <-> (],3))","(((,5) <-> (),8)),(([,6) <-> (],10))"
Homo sapiens,1ymo,Homo sapiens,7qxa,2,"(((,0) <-> (),2)),(([,1) <-> (],3))","(((,9) <-> (),13)),(([,10) <-> (],23))"
Homo sapiens,1ymo,Homo sapiens,7qxb,2,"(((,0) <-> (),2)),(([,1) <-> (],3))","(((,7) <-> (),11)),(([,8) <-> (],19))"
Homo sapiens,1ymo,Homo sapiens,7trd,2,"(((,0) <-> (),2)),(([,1) <-> (],3))","(((,8) <-> (),12)),(([,9) <-> (],22))"
Homo sapiens,1ymo,Homo sapiens,7tre,2,"(((,0) <-> (),2)),(([,1) <-> (],3))","(((,8) <-> (),11)),(([,9) <-> (],20))"
Homo sapiens,1ymo,Homo sapiens,7trf,2,"(((,0) <-> (),2)),(([,1) <-> (],3))","(((,7) <-> (),11)),(([,8) <-> (],20))"
Homo sapiens,1ymo,Tetrahymena thermophila,7uy5,2,"(((,0) <-> (),2)),(([,1) <-> (],3))","(((,6) <-> (),9)),(([,7) <-> (],12))"
Homo sapiens,1ymo,Tetrahymena thermophila,7uy6,2,"(((,0) <-> (),2)),(([,1) <-> (],3))","(((,6) <-> (),9)),(([,7) <-> (],12))"
Homo sapiens,1ymo,Homo sapiens,7v9a,1,"(((,0) <-> (),2))","(((,18) <-> (),19))"
Homo sapiens,1ymo,Homo sapiens,7v99,2,"(((,0) <-> (),2)),(([,1) <-> (],3))","(((,7) <-> (),10)),(([,8) <-> (],18))"
Homo sapiens,1ymo,Tetrahymena thermophila,8gap,2,"(((,0) <-> (),2)),(([,1) <-> (],3))","(((,6) <-> (),10)),(([,7) <-> (],12))"
Tetrahymena thermophila,2fey,Homo sapiens,2k95,1,"(((,3) <-> (),4))","(((,0) <-> (),3))"
Tetrahymena thermophila,2fey,Oryzias latipes,2mhi,4,"(((,0) <-> (),7)),(((,1) <-> (),6)),(((,2) <-> (),5)),(((,3) <-> (),4))","(((,2) <-> (),5)),(((,3) <-> (),4)),(((,6) <-> (),9)),(((,7) <-> (),8))"
Tetrahymena thermophila,2fey,Homo sapiens,2qh2,2,"(((,2) <-> (),5)),(((,3) <-> (),4))","(((,0) <-> (),3)),(((,1) <-> (),2))"
Tetrahymena thermophila,2fey,Tetrahymena thermophila,5kmz,1,"(((,3) <-> (),4))","(((,0) <-> (),4))"
Tetrahymena thermophila,2fey,Oryzias latipes,5kqe,3,"(((,1) <-> (),6)),(((,2) <-> (),5)),(((,3) <-> (),4))","(((,0) <-> (),5)),(((,1) <-> (),4)),(((,2) <-> (),3))"
Tetrahymena thermophila,2fey,Tetrahymena thermophila,7lma,4,"(((,0) <-> (),7)),(((,1) <-> (),6)),(((,2) <-> (),5)),(((,3) <-> (),4))","(((,15) <-> (),22)),(((,16) <-> (),21)),(((,17) <-> (),20)),(((,18) <-> (),19))"
Tetrahymena thermophila,2fey,Tetrahymena thermophila,7lmb,4,"(((,0) <-> (),7)),(((,1) <-> (),6)),(((,2) <-> (),5)),(((,3) <-> (),4))","(((,12) <-> (),19)),(((,13) <-> (),18)),(((,14) <-> (),17)),(((,15) <-> (),16))"
Tetrahymena thermophila,2fey,Homo sapiens,7qxa,4,"(((,0) <-> (),7)),(((,1) <-> (),6)),(((,2) <-> (),5)),(((,3) <-> (),4))","(((,31) <-> (),36)),(((,32) <-> (),35)),(((,33) <-> (),34)),(((,40) <-> (),41))"
Tetrahymena thermophila,2fey,Homo sapiens,7qxb,4,"(((,0) <-> (),7)),(((,1) <-> (),6)),(((,2) <-> (),5)),(((,3) <-> (),4))","(((,27) <-> (),32)),(((,28) <-> (),31)),(((,29) <-> (),30)),(((,35) <-> (),36))"
Tetrahymena thermophila,2fey,Homo sapiens,7trd,4,"(((,0) <-> (),7)),(((,1) <-> (),6)),(((,2) <-> (),5)),(((,3) <-> (),4))","(((,28) <-> (),31)),(((,29) <-> (),30)),(((,35) <-> (),38)),(((,36) <-> (),37))"
Tetrahymena thermophila,2fey,Homo sapiens,7tre,4,"(((,0) <-> (),7)),(((,1) <-> (),6)),(((,2) <-> (),5)),(((,3) <-> (),4))","(((,26) <-> (),29)),(((,27) <-> (),28)),(((,33) <-> (),36)),(((,34) <-> (),35))"
Tetrahymena thermophila,2fey,Homo sapiens,7trf,4,"(((,0) <-> (),7)),(((,1) <-> (),6)),(((,2) <-> (),5)),(((,3) <-> (),4))","(((,26) <-> (),29)),(((,27) <-> (),28)),(((,33) <-> (),36)),(((,34) <-> (),35))"
Tetrahymena thermophila,2fey,Tetrahymena thermophila,7uy5,4,"(((,0) <-> (),7)),(((,1) <-> (),6)),(((,2) <-> (),5)),(((,3) <-> (),4))","(((,15) <-> (),22)),(((,16) <-> (),21)),(((,17) <-> (),20)),(((,18) <-> (),19))"
Tetrahymena thermophila,2fey,Tetrahymena thermophila,7uy6,4,"(((,0) <-> (),7)),(((,1) <-> (),6)),(((,2) <-> (),5)),(((,3) <-> (),4))","(((,16) <-> (),23)),(((,17) <-> (),22)),(((,18) <-> (),21)),(((,19) <-> (),20))"
Tetrahymena thermophila,2fey,Homo sapiens,7v9a,4,"(((,0) <-> (),7)),(((,1) <-> (),6)),(((,2) <-> (),5)),(((,3) <-> (),4))","(((,15) <-> (),22)),(((,16) <-> (),21)),(((,17) <-> (),20)),(((,18) <-> (),19))"
Tetrahymena thermophila,2fey,Homo sapiens,7v99,4,"(((,0) <-> (),7)),(((,1) <-> (),6)),(((,2) <-> (),5)),(((,3) <-> (),4))","(((,25) <-> (),30)),(((,26) <-> (),29)),(((,27) <-> (),28)),(((,33) <-> (),34))"
Tetrahymena thermophila,2fey,Tetrahymena thermophila,8gap,4,"(((,0) <-> (),7)),(((,1) <-> (),6)),(((,2) <-> (),5)),(((,3) <-> (),4))","(((,16) <-> (),23)),(((,17) <-> (),22)),(((,18) <-> (),21)),(((,19) <-> (),20))"
Homo sapiens,2k95,Oryzias latipes,2mhi,1,"(((,0) <-> (),3))","(((,7) <-> (),8))"
Homo sapiens,2k95,Homo sapiens,2qh2,1,"(((,0) <-> (),3))","(((,1) <-> (),2))"
Homo sapiens,2k95,Tetrahymena thermophila,5kmz,2,"(((,0) <-> (),3)),(([,1) <-> (],5)),_,(([,2) <-> (],4))","(((,0) <-> (),4)),(([,1) <-> (],6)),(({,2) <-> (},7)),(([,3) <-> (],5))"
Homo sapiens,2k95,Oryzias latipes,5kqe,1,"(((,0) <-> (),3))","(((,2) <-> (),3))"
Homo sapiens,2k95,Tetrahymena thermophila,7lma,3,"(((,0) <-> (),3)),(([,1) <-> (],5)),(([,2) <-> (],4))","(((,7) <-> (),10)),(([,8) <-> (],12)),(([,9) <-> (],11))"
Homo sapiens,2k95,Tetrahymena thermophila,7lmb,3,"(((,0) <-> (),3)),(([,1) <-> (],5)),(([,2) <-> (],4))","(((,5) <-> (),8)),(([,6) <-> (],10)),(([,7) <-> (],9))"
Homo sapiens,2k95,Homo sapiens,7qxa,3,"(((,0) <-> (),3)),(([,1) <-> (],5)),(([,2) <-> (],4))","(((,9) <-> (),13)),(([,10) <-> (],23)),(([,11) <-> (],22))"
Homo sapiens,2k95,Homo sapiens,7qxb,3,"(((,0) <-> (),3)),(([,1) <-> (],5)),(([,2) <-> (],4))","(((,7) <-> (),11)),(([,8) <-> (],19)),(([,9) <-> (],18))"
Homo sapiens,2k95,Homo sapiens,7trd,3,"(((,0) <-> (),3)),(([,1) <-> (],5)),(([,2) <-> (],4))","(((,8) <-> (),12)),(([,9) <-> (],22)),(([,10) <-> (],21))"
Homo sapiens,2k95,Homo sapiens,7tre,3,"(((,0) <-> (),3)),(([,1) <-> (],5)),(([,2) <-> (],4))","(((,8) <-> (),11)),(([,9) <-> (],20)),(([,10) <-> (],19))"
Homo sapiens,2k95,Homo sapiens,7trf,3,"(((,0) <-> (),3)),(([,1) <-> (],5)),(([,2) <-> (],4))","(((,7) <-> (),11)),(([,8) <-> (],20)),(([,9) <-> (],19))"
Homo sapiens,2k95,Tetrahymena thermophila,7uy5,3,"(((,0) <-> (),3)),(([,1) <-> (],5)),(([,2) <-> (],4))","(((,6) <-> (),9)),(([,7) <-> (],12)),(([,8) <-> (],11))"
Homo sapiens,2k95,Tetrahymena thermophila,7uy6,3,"(((,0) <-> (),3)),(([,1) <-> (],5)),(([,2) <-> (],4))","(((,6) <-> (),9)),(([,7) <-> (],12)),(([,8) <-> (],11))"
Homo sapiens,2k95,Homo sapiens,7v9a,1,"(((,0) <-> (),3))","(((,18) <-> (),19))"
Homo sapiens,2k95,Homo sapiens,7v99,3,"(((,0) <-> (),3)),(([,1) <-> (],5)),(([,2) <-> (],4))","(((,7) <-> (),10)),(([,8) <-> (],18)),(([,9) <-> (],17))"
Homo sapiens,2k95,Tetrahymena thermophila,8gap,2,"(((,0) <-> (),3)),(([,1) <-> (],5)),_,(([,2) <-> (],4))","(((,6) <-> (),10)),(([,7) <-> (],12)),(({,8) <-> (},13)),(([,9) <-> (],11))"
Oryzias latipes,2mhi,Homo sapiens,2qh2,2,"(((,6) <-> (),9)),(((,7) <-> (),8))","(((,0) <-> (),3)),(((,1) <-> (),2))"
Oryzias latipes,2mhi,Tetrahymena thermophila,5kmz,1,"(((,7) <-> (),8))","(((,0) <-> (),4))"
Oryzias latipes,2mhi,Oryzias latipes,5kqe,3,"(((,3) <-> (),4)),(((,6) <-> (),9)),(((,7) <-> (),8))","(((,0) <-> (),5)),(((,1) <-> (),4)),(((,2) <-> (),3))"
Oryzias latipes,2mhi,Tetrahymena thermophila,7lma,5,"(((,1) <-> (),10)),(((,2) <-> (),5)),(((,3) <-> (),4)),(((,6) <-> (),9)),(((,7) <-> (),8))","(((,14) <-> (),23)),(((,15) <-> (),22)),(((,16) <-> (),21)),(((,17) <-> (),20)),(((,18) <-> (),19))"
Oryzias latipes,2mhi,Tetrahymena thermophila,7lmb,4,"(((,2) <-> (),5)),(((,3) <-> (),4)),(((,6) <-> (),9)),(((,7) <-> (),8))","(((,12) <-> (),19)),(((,13) <-> (),18)),(((,14) <-> (),17)),(((,15) <-> (),16))"
Oryzias latipes,2mhi,Homo sapiens,7qxa,6,"(((,0) <-> (),11)),(((,1) <-> (),10)),(((,2) <-> (),5)),(((,3) <-> (),4)),(((,6) <-> (),9)),(((,7) <-> (),8))","(((,29) <-> (),38)),(((,30) <-> (),37)),(((,31) <-> (),36)),(((,32) <-> (),35)),(((,33) <-> (),34)),(((,40) <-> (),41))"
Oryzias latipes,2mhi,Homo sapiens,7qxb,6,"(((,0) <-> (),11)),(((,1) <-> (),10)),(((,2) <-> (),5)),(((,3) <-> (),4)),(((,6) <-> (),9)),(((,7) <-> (),8))","(((,25) <-> (),34)),(((,26) <-> (),33)),(((,27) <-> (),32)),(((,28) <-> (),31)),(((,29) <-> (),30)),(((,35) <-> (),36))"
Oryzias latipes,2mhi,Homo sapiens,7trd,6,"(((,0) <-> (),11)),(((,1) <-> (),10)),(((,2) <-> (),5)),(((,3) <-> (),4)),(((,6) <-> (),9)),(((,7) <-> (),8))","(((,26) <-> (),33)),(((,27) <-> (),32)),(((,28) <-> (),31)),(((,29) <-> (),30)),(((,35) <-> (),38)),(((,36) <-> (),37))"
Oryzias latipes,2mhi,Homo sapiens,7tre,6,"(((,0) <-> (),11)),(((,1) <-> (),10)),(((,2) <-> (),5)),(((,3) <-> (),4)),(((,6) <-> (),9)),(((,7) <-> (),8))","(((,24) <-> (),31)),(((,25) <-> (),30)),(((,26) <-> (),29)),(((,27) <-> (),28)),(((,33) <-> (),36)),(((,34) <-> (),35))"
Oryzias latipes,2mhi,Homo sapiens,7trf,6,"(((,0) <-> (),11)),(((,1) <-> (),10)),(((,2) <-> (),5)),(((,3) <-> (),4)),(((,6) <-> (),9)),(((,7) <-> (),8))","(((,24) <-> (),31)),(((,25) <-> (),30)),(((,26) <-> (),29)),(((,27) <-> (),28)),(((,33) <-> (),36)),(((,34) <-> (),35))"
Oryzias latipes,2mhi,Tetrahymena thermophila,7uy5,5,"(((,1) <-> (),10)),(((,2) <-> (),5)),(((,3) <-> (),4)),(((,6) <-> (),9)),(((,7) <-> (),8))","(((,14) <-> (),23)),(((,15) <-> (),22)),(((,16) <-> (),21)),(((,17) <-> (),20)),(((,18) <-> (),19))"
Oryzias latipes,2mhi,Tetrahymena thermophila,7uy6,6,"(((,0) <-> (),11)),(((,1) <-> (),10)),(((,2) <-> (),5)),(((,3) <-> (),4)),(((,6) <-> (),9)),(((,7) <-> (),8))","(((,14) <-> (),25)),(((,15) <-> (),24)),(((,16) <-> (),23)),(((,17) <-> (),22)),(((,18) <-> (),21)),(((,19) <-> (),20))"
Oryzias latipes,2mhi,Homo sapiens,7v9a,6,"(((,0) <-> (),11)),(((,1) <-> (),10)),(((,2) <-> (),5)),(((,3) <-> (),4)),(((,6) <-> (),9)),(((,7) <-> (),8))","(((,10) <-> (),11)),(((,14) <-> (),23)),(((,15) <-> (),22)),(((,16) <-> (),21)),(((,17) <-> (),20)),(((,18) <-> (),19))"
Oryzias latipes,2mhi,Homo sapiens,7v99,6,"(((,0) <-> (),11)),(((,1) <-> (),10)),(((,2) <-> (),5)),(((,3) <-> (),4)),(((,6) <-> (),9)),(((,7) <-> (),8))","(((,23) <-> (),32)),(((,24) <-> (),31)),(((,25) <-> (),30)),(((,26) <-> (),29)),(((,27) <-> (),28)),(((,33) <-> (),34))"
Oryzias latipes,2mhi,Tetrahymena thermophila,8gap,5,"(((,1) <-> (),10)),(((,2) <-> (),5)),(((,3) <-> (),4)),(((,6) <-> (),9)),(((,7) <-> (),8))","(((,0) <-> (),15)),(((,1) <-> (),14)),(((,2) <-> (),5)),(((,3) <-> (),4)),(((,6) <-> (),10))"
Homo sapiens,2qh2,Tetrahymena thermophila,5kmz,1,"(((,1) <-> (),2))","(((,0) <-> (),4))"
Homo sapiens,2qh2,Oryzias latipes,5kqe,2,"(((,0) <-> (),3)),(((,1) <-> (),2))","(((,1) <-> (),4)),(((,2) <-> (),3))"
Homo sapiens,2qh2,Tetrahymena thermophila,7lma,2,"(((,0) <-> (),3)),(((,1) <-> (),2))","(((,17) <-> (),20)),(((,18) <-> (),19))"
Homo sapiens,2qh2,Tetrahymena thermophila,7lmb,2,"(((,0) <-> (),3)),(((,1) <-> (),2))","(((,14) <-> (),17)),(((,15) <-> (),16))"
Homo sapiens,2qh2,Homo sapiens,7qxa,2,"(((,0) <-> (),3)),(((,1) <-> (),2))","(((,33) <-> (),34)),(((,40) <-> (),41))"
Homo sapiens,2qh2,Homo sapiens,7qxb,2,"(((,0) <-> (),3)),(((,1) <-> (),2))","(((,29) <-> (),30)),(((,35) <-> (),36))"
Homo sapiens,2qh2,Homo sapiens,7trd,2,"(((,0) <-> (),3)),(((,1) <-> (),2))","(((,35) <-> (),38)),(((,36) <-> (),37))"
Homo sapiens,2qh2,Homo sapiens,7tre,2,"(((,0) <-> (),3)),(((,1) <-> (),2))","(((,33) <-> (),36)),(((,34) <-> (),35))"
Homo sapiens,2qh2,Homo sapiens,7trf,2,"(((,0) <-> (),3)),(((,1) <-> (),2))","(((,33) <-> (),36)),(((,34) <-> (),35))"
Homo sapiens,2qh2,Tetrahymena thermophila,7uy5,2,"(((,0) <-> (),3)),(((,1) <-> (),2))","(((,17) <-> (),20)),(((,18) <-> (),19))"
Homo sapiens,2qh2,Tetrahymena thermophila,7uy6,2,"(((,0) <-> (),3)),(((,1) <-> (),2))","(((,18) <-> (),21)),(((,19) <-> (),20))"
Homo sapiens,2qh2,Homo sapiens,7v9a,2,"(((,0) <-> (),3)),(((,1) <-> (),2))","(((,17) <-> (),20)),(((,18) <-> (),19))"
Homo sapiens,2qh2,Homo sapiens,7v99,2,"(((,0) <-> (),3)),(((,1) <-> (),2))","(((,27) <-> (),28)),(((,33) <-> (),34))"
Homo sapiens,2qh2,Tetrahymena thermophila,8gap,2,"(((,0) <-> (),3)),(((,1) <-> (),2))","(((,18) <-> (),21)),(((,19) <-> (),20))"
Tetrahymena thermophila,5kmz,Oryzias latipes,5kqe,1,"(((,0) <-> (),4))","(((,2) <-> (),3))"
Tetrahymena thermophila,5kmz,Tetrahymena thermophila,7lma,2,"(((,0) <-> (),4)),(([,1) <-> (],6)),(({,2) <-> (},7)),(([,3) <-> (],5))","(((,7) <-> (),10)),(([,8) <-> (],12)),_,(([,9) <-> (],11))"
Tetrahymena thermophila,5kmz,Tetrahymena thermophila,7lmb,2,"(((,0) <-> (),4)),(([,1) <-> (],6)),(({,2) <-> (},7)),(([,3) <-> (],5))","(((,5) <-> (),8)),(([,6) <-> (],10)),_,(([,7) <-> (],9))"
Tetrahymena thermophila,5kmz,Homo sapiens,7qxa,2,"(((,0) <-> (),4)),(([,1) <-> (],6)),(({,2) <-> (},7)),(([,3) <-> (],5))","(((,9) <-> (),13)),(([,10) <-> (],23)),_,(([,11) <-> (],22))"
Tetrahymena thermophila,5kmz,Homo sapiens,7qxb,2,"(((,0) <-> (),4)),(([,1) <-> (],6)),(({,2) <-> (},7)),(([,3) <-> (],5))","(((,7) <-> (),11)),(([,8) <-> (],19)),_,(([,9) <-> (],18))"
Tetrahymena thermophila,5kmz,Homo sapiens,7trd,2,"(((,0) <-> (),4)),(([,1) <-> (],6)),(({,2) <-> (},7)),(([,3) <-> (],5))","(((,8) <-> (),12)),(([,9) <-> (],22)),_,(([,10) <-> (],21))"
Tetrahymena thermophila,5kmz,Homo sapiens,7tre,2,"(((,0) <-> (),4)),(([,1) <-> (],6)),(({,2) <-> (},7)),(([,3) <-> (],5))","(((,8) <-> (),11)),(([,9) <-> (],20)),_,(([,10) <-> (],19))"
Tetrahymena thermophila,5kmz,Homo sapiens,7trf,2,"(((,0) <-> (),4)),(([,1) <-> (],6)),(({,2) <-> (},7)),(([,3) <-> (],5))","(((,7) <-> (),11)),(([,8) <-> (],20)),_,(([,9) <-> (],19))"
Tetrahymena thermophila,5kmz,Tetrahymena thermophila,7uy5,2,"(((,0) <-> (),4)),(([,1) <-> (],6)),(({,2) <-> (},7)),(([,3) <-> (],5))","(((,6) <-> (),9)),(([,7) <-> (],12)),_,(([,8) <-> (],11))"
Tetrahymena thermophila,5kmz,Tetrahymena thermophila,7uy6,2,"(((,0) <-> (),4)),(([,1) <-> (],6)),(({,2) <-> (},7)),(([,3) <-> (],5))","(((,6) <-> (),9)),(([,7) <-> (],12)),_,(([,8) <-> (],11))"
Tetrahymena thermophila,5kmz,Homo sapiens,7v9a,1,"(((,0) <-> (),4))","(((,18) <-> (),19))"
Tetrahymena thermophila,5kmz,Homo sapiens,7v99,2,"(((,0) <-> (),4)),(([,1) <-> (],6)),(({,2) <-> (},7)),(([,3) <-> (],5))","(((,7) <-> (),10)),(([,8) <-> (],18)),_,(([,9) <-> (],17))"
Tetrahymena thermophila,5kmz,Tetrahymena thermophila,8gap,4,"(((,0) <-> (),4)),(([,1) <-> (],6)),(({,2) <-> (},7)),(([,3) <-> (],5))","(((,6) <-> (),10)),(([,7) <-> (],12)),(({,8) <-> (},13)),(([,9) <-> (],11))"
Oryzias latipes,5kqe,Tetrahymena thermophila,7lma,3,"(((,0) <-> (),5)),(((,1) <-> (),4)),(((,2) <-> (),3))","(((,16) <-> (),21)),(((,17) <-> (),20)),(((,18) <-> (),19))"
Oryzias latipes,5kqe,Tetrahymena thermophila,7lmb,3,"(((,0) <-> (),5)),(((,1) <-> (),4)),(((,2) <-> (),3))","(((,13) <-> (),18)),(((,14) <-> (),17)),(((,15) <-> (),16))"
Oryzias latipes,5kqe,Homo sapiens,7qxa,3,"(((,0) <-> (),5)),(((,1) <-> (),4)),(((,2) <-> (),3))","(((,32) <-> (),35)),(((,33) <-> (),34)),(((,40) <-> (),41))"
Oryzias latipes,5kqe,Homo sapiens,7qxb,3,"(((,0) <-> (),5)),(((,1) <-> (),4)),(((,2) <-> (),3))","(((,28) <-> (),31)),(((,29) <-> (),30)),(((,35) <-> (),36))"
Oryzias latipes,5kqe,Homo sapiens,7trd,3,"(((,0) <-> (),5)),(((,1) <-> (),4)),(((,2) <-> (),3))","(((,29) <-> (),30)),(((,35) <-> (),38)),(((,36) <-> (),37))"
Oryzias latipes,5kqe,Homo sapiens,7tre,3,"(((,0) <-> (),5)),(((,1) <-> (),4)),(((,2) <-> (),3))","(((,27) <-> (),28)),(((,33) <-> (),36)),(((,34) <-> (),35))"
Oryzias latipes,5kqe,Homo sapiens,7trf,3,"(((,0) <-> (),5)),(((,1) <-> (),4)),(((,2) <-> (),3))","(((,27) <-> (),28)),(((,33) <-> (),36)),(((,34) <-> (),35))"
Oryzias latipes,5kqe,Tetrahymena thermophila,7uy5,3,"(((,0) <-> (),5)),(((,1) <-> (),4)),(((,2) <-> (),3))","(((,16) <-> (),21)),(((,17) <-> (),20)),(((,18) <-> (),19))"
Oryzias latipes,5kqe,Tetrahymena thermophila,7uy6,3,"(((,0) <-> (),5)),(((,1) <-> (),4)),(((,2) <-> (),3))","(((,17) <-> (),22)),(((,18) <-> (),21)),(((,19) <-> (),20))"
Oryzias latipes,5kqe,Homo sapiens,7v9a,3,"(((,0) <-> (),5)),(((,1) <-> (),4)),(((,2) <-> (),3))","(((,16) <-> (),21)),(((,17) <-> (),20)),(((,18) <-> (),19))"
Oryzias latipes,5kqe,Homo sapiens,7v99,3,"(((,0) <-> (),5)),(((,1) <-> (),4)),(((,2) <-> (),3))","(((,26) <-> (),29)),(((,27) <-> (),28)),(((,33) <-> (),34))"
Oryzias latipes,5kqe,Tetrahymena thermophila,8gap,3,"(((,0) <-> (),5)),(((,1) <-> (),4)),(((,2) <-> (),3))","(((,17) <-> (),22)),(((,18) <-> (),21)),(((,19) <-> (),20))"
Tetrahymena thermophila,7lma,Tetrahymena thermophila,7lmb,10,"(((,1) <-> (),6)),(((,2) <-> (),5)),(((,3) <-> (),4)),(((,7) <-> (),10)),(([,8) <-> (],12)),(([,9) <-> (],11)),(((,14) <-> (),23)),(((,15) <-> (),22)),(((,16) <-> (),21)),(((,17) <-> (),20))","(((,0) <-> (),11)),(((,1) <-> (),4)),(((,2) <-> (),3)),(((,5) <-> (),8)),(([,6) <-> (],10)),(([,7) <-> (],9)),(((,12) <-> (),19)),(((,13) <-> (),18)),(((,14) <-> (),17)),(((,15) <-> (),16))"
Tetrahymena thermophila,7lma,Homo sapiens,7qxa,11,"(((,0) <-> (),13)),(((,1) <-> (),6)),(((,2) <-> (),5)),(((,3) <-> (),4)),(((,7) <-> (),10)),_,(([,8) <-> (],12)),(([,9) <-> (],11)),(((,14) <-> (),23)),(((,15) <-> (),22)),(((,16) <-> (),21)),(((,17) <-> (),20)),(((,18) <-> (),19))","(((,5) <-> (),17)),(((,6) <-> (),16)),(((,7) <-> (),15)),(((,8) <-> (),14)),(((,9) <-> (),13)),(([,10) <-> (],23)),(([,11) <-> (],22)),(([,12) <-> (],21)),(((,26) <-> (),43)),(((,27) <-> (),42)),(((,28) <-> (),39)),(((,29) <-> (),38)),(((,30) <-> (),37))"
Tetrahymena thermophila,7lma,Homo sapiens,7qxb,11,"(((,0) <-> (),13)),(((,1) <-> (),6)),(((,2) <-> (),5)),(((,3) <-> (),4)),(((,7) <-> (),10)),_,(([,8) <-> (],12)),(([,9) <-> (],11)),(((,14) <-> (),23)),(((,15) <-> (),22)),(((,16) <-> (),21)),(((,17) <-> (),20)),(((,18) <-> (),19))","(((,3) <-> (),15)),(((,4) <-> (),14)),(((,5) <-> (),13)),(((,6) <-> (),12)),(((,7) <-> (),11)),(([,8) <-> (],19)),(([,9) <-> (],18)),(([,10) <-> (],17)),(((,22) <-> (),39)),(((,23) <-> (),38)),(((,24) <-> (),37)),(((,25) <-> (),34)),(((,26) <-> (),33))"
Tetrahymena thermophila,7lma,Homo sapiens,7trd,11,"(((,0) <-> (),13)),(((,1) <-> (),6)),(((,2) <-> (),5)),(((,3) <-> (),4)),(((,7) <-> (),10)),_,(([,8) <-> (],12)),(([,9) <-> (],11)),(((,14) <-> (),23)),(((,15) <-> (),22)),(((,16) <-> (),21)),(((,17) <-> (),20)),(((,18) <-> (),19))","(((,4) <-> (),16)),(((,5) <-> (),15)),(((,6) <-> (),14)),(((,7) <-> (),13)),(((,8) <-> (),12)),(([,9) <-> (],22)),(([,10) <-> (],21)),(([,11) <-> (],20)),(((,24) <-> (),39)),(((,25) <-> (),34)),(((,26) <-> (),33)),(((,27) <-> (),32)),(((,28) <-> (),31))"
Tetrahymena thermophila,7lma,Homo sapiens,7tre,12,"(((,0) <-> (),13)),(((,1) <-> (),6)),(((,2) <-> (),5)),(((,3) <-> (),4)),(((,7) <-> (),10)),(([,8) <-> (],12)),(([,9) <-> (],11)),(((,14) <-> (),23)),(((,15) <-> (),22)),(((,16) <-> (),21)),(((,17) <-> (),20)),(((,18) <-> (),19))","(((,4) <-> (),15)),(((,5) <-> (),14)),(((,6) <-> (),13)),(((,7) <-> (),12)),(((,8) <-> (),11)),(([,9) <-> (],20)),(([,10) <-> (],19)),(((,22) <-> (),37)),(((,23) <-> (),32)),(((,24) <-> (),31)),(((,25) <-> (),30)),(((,26) <-> (),29))"
Tetrahymena thermophila,7lma,Homo sapiens,7trf,11,"(((,0) <-> (),13)),(((,1) <-> (),6)),(((,2) <-> (),5)),(((,3) <-> (),4)),(((,7) <-> (),10)),_,(([,8) <-> (],12)),(([,9) <-> (],11)),(((,14) <-> (),23)),(((,15) <-> (),22)),(((,16) <-> (),21)),(((,17) <-> (),20)),(((,18) <-> (),19))","(((,3) <-> (),15)),(((,4) <-> (),14)),(((,5) <-> (),13)),(((,6) <-> (),12)),(((,7) <-> (),11)),(([,8) <-> (],20)),(([,9) <-> (],19)),(([,10) <-> (],18)),(((,22) <-> (),37)),(((,23) <-> (),32)),(((,24) <-> (),31)),(((,25) <-> (),30)),(((,26) <-> (),29))"
Tetrahymena thermophila,7lma,Tetrahymena thermophila,7uy5,12,"(((,0) <-> (),13)),(((,1) <-> (),6)),(((,2) <-> (),5)),(((,3) <-> (),4)),(((,7) <-> (),10)),(([,8) <-> (],12)),(([,9) <-> (],11)),(((,14) <-> (),23)),(((,15) <-> (),22)),(((,16) <-> (),21)),(((,17) <-> (),20)),(((,18) <-> (),19))","(((,0) <-> (),13)),(((,1) <-> (),4)),(((,2) <-> (),3)),(((,5) <-> (),10)),(((,6) <-> (),9)),(([,7) <-> (],12)),(([,8) <-> (],11)),(((,14) <-> (),23)),(((,15) <-> (),22)),(((,16) <-> (),21)),(((,17) <-> (),20)),(((,18) <-> (),19))"
Tetrahymena thermophila,7lma,Tetrahymena thermophila,7uy6,12,"(((,0) <-> (),13)),(((,1) <-> (),6)),(((,2) <-> (),5)),(((,3) <-> (),4)),(((,7) <-> (),10)),(([,8) <-> (],12)),(([,9) <-> (],11)),(((,14) <-> (),23)),(((,15) <-> (),22)),(((,16) <-> (),21)),(((,17) <-> (),20)),(((,18) <-> (),19))","(((,0) <-> (),13)),(((,1) <-> (),4)),(((,2) <-> (),3)),(((,5) <-> (),10)),(((,6) <-> (),9)),(([,7) <-> (],12)),(([,8) <-> (],11)),(((,14) <-> (),25)),(((,15) <-> (),24)),(((,16) <-> (),23)),(((,17) <-> (),22)),(((,18) <-> (),21))"
Tetrahymena thermophila,7lma,Homo sapiens,7v9a,8,"(((,0) <-> (),13)),(((,1) <-> (),6)),(((,2) <-> (),5)),(((,3) <-> (),4)),(((,7) <-> (),10)),(([,8) <-> (],12)),(([,9) <-> (],11)),(((,14) <-> (),23)),(((,15) <-> (),22)),(((,16) <-> (),21)),(((,17) <-> (),20)),(((,18) <-> (),19))","(((,4) <-> (),7)),(((,5) <-> (),6)),(((,8) <-> (),13)),(((,9) <-> (),12)),(((,10) <-> (),11)),_,_,(((,14) <-> (),23)),(((,15) <-> (),22)),(((,16) <-> (),21)),(((,17) <-> (),20)),(((,18) <-> (),19))"
Tetrahymena thermophila,7lma,Homo sapiens,7v99,12,"(((,0) <-> (),13)),(((,1) <-> (),6)),(((,2) <-> (),5)),(((,3) <-> (),4)),(((,7) <-> (),10)),(([,8) <-> (],12)),(([,9) <-> (],11)),(((,14) <-> (),23)),(((,15) <-> (),22)),(((,16) <-> (),21)),(((,17) <-> (),20)),(((,18) <-> (),19))","(((,3) <-> (),14)),(((,4) <-> (),13)),(((,5) <-> (),12)),(((,6) <-> (),11)),(((,7) <-> (),10)),(([,8) <-> (],18)),(([,9) <-> (],17)),(((,20) <-> (),37)),(((,21) <-> (),36)),(((,22) <-> (),35)),(((,23) <-> (),32)),(((,24) <-> (),31))"
Tetrahymena thermophila,7lma,Tetrahymena thermophila,8gap,10,"(((,0) <-> (),13)),(((,1) <-> (),6)),(((,2) <-> (),5)),(((,3) <-> (),4)),(((,7) <-> (),10)),(([,8) <-> (],12)),_,(([,9) <-> (],11)),(((,14) <-> (),23)),(((,15) <-> (),22)),(((,16) <-> (),21)),(((,17) <-> (),20))","(((,0) <-> (),15)),(((,1) <-> (),14)),(((,2) <-> (),5)),(((,3) <-> (),4)),(((,6) <-> (),10)),(([,7) <-> (],12)),(({,8) <-> (},13)),(([,9) <-> (],11)),(((,16) <-> (),23)),(((,17) <-> (),22)),(((,18) <-> (),21)),(((,19) <-> (),20))"
Tetrahymena thermophila,7lmb,Homo sapiens,7qxa,9,"(((,0) <-> (),11)),(((,1) <-> (),4)),(((,2) <-> (),3)),(((,5) <-> (),8)),_,(([,6) <-> (],10)),(([,7) <-> (],9)),(((,12) <-> (),19)),(((,13) <-> (),18)),(((,14) <-> (),17)),(((,15) <-> (),16))","(((,6) <-> (),16)),(((,7) <-> (),15)),(((,8) <-> (),14)),(((,9) <-> (),13)),(([,10) <-> (],23)),(([,11) <-> (],22)),(([,12) <-> (],21)),(((,26) <-> (),43)),(((,27) <-> (),42)),(((,28) <-> (),39)),(((,29) <-> (),38))"
Tetrahymena thermophila,7lmb,Homo sapiens,7qxb,9,"(((,0) <-> (),11)),(((,1) <-> (),4)),(((,2) <-> (),3)),(((,5) <-> (),8)),_,(([,6) <-> (],10)),(([,7) <-> (],9)),(((,12) <-> (),19)),(((,13) <-> (),18)),(((,14) <-> (),17)),(((,15) <-> (),16))","(((,4) <-> (),14)),(((,5) <-> (),13)),(((,6) <-> (),12)),(((,7) <-> (),11)),(([,8) <-> (],19)),(([,9) <-> (],18)),(([,10) <-> (],17)),(((,22) <-> (),39)),(((,23) <-> (),38)),(((,24) <-> (),37)),(((,25) <-> (),34))"
Tetrahymena thermophila,7lmb,Homo sapiens,7trd,9,"(((,0) <-> (),11)),(((,1) <-> (),4)),(((,2) <-> (),3)),(((,5) <-> (),8)),_,(([,6) <-> (],10)),(([,7) <-> (],9)),(((,12) <-> (),19)),(((,13) <-> (),18)),(((,14) <-> (),17)),(((,15) <-> (),16))","(((,5) <-> (),15)),(((,6) <-> (),14)),(((,7) <-> (),13)),(((,8) <-> (),12)),(([,9) <-> (],22)),(([,10) <-> (],21)),(([,11) <-> (],20)),(((,24) <-> (),39)),(((,25) <-> (),34)),(((,26) <-> (),33)),(((,27) <-> (),32))"
Tetrahymena thermophila,7lmb,Homo sapiens,7tre,10,"(((,0) <-> (),11)),(((,1) <-> (),4)),(((,2) <-> (),3)),(((,5) <-> (),8)),(([,6) <-> (],10)),(([,7) <-> (],9)),(((,12) <-> (),19)),(((,13) <-> (),18)),(((,14) <-> (),17)),(((,15) <-> (),16))","(((,5) <-> (),14)),(((,6) <-> (),13)),(((,7) <-> (),12)),(((,8) <-> (),11)),(([,9) <-> (],20)),(([,10) <-> (],19)),(((,22) <-> (),37)),(((,23) <-> (),32)),(((,24) <-> (),31)),(((,25) <-> (),30))"
Tetrahymena thermophila,7lmb,Homo sapiens,7trf,9,"(((,0) <-> (),11)),(((,1) <-> (),4)),(((,2) <-> (),3)),(((,5) <-> (),8)),_,(([,6) <-> (],10)),(([,7) <-> (],9)),(((,12) <-> (),19)),(((,13) <-> (),18)),(((,14) <-> (),17)),(((,15) <-> (),16))","(((,4) <-> (),14)),(((,5) <-> (),13)),(((,6) <-> (),12)),(((,7) <-> (),11)),(([,8) <-> (],20)),(([,9) <-> (],19)),(([,10) <-> (],18)),(((,22) <-> (),37)),(((,23) <-> (),32)),(((,24) <-> (),31)),(((,25) <-> (),30))"
Tetrahymena thermophila,7lmb,Tetrahymena thermophila,7uy5,10,"(((,0) <-> (),11)),(((,1) <-> (),4)),(((,2) <-> (),3)),(((,5) <-> (),8)),(([,6) <-> (],10)),(([,7) <-> (],9)),(((,12) <-> (),19)),(((,13) <-> (),18)),(((,14) <-> (),17)),(((,15) <-> (),16))","(((,1) <-> (),4)),(((,2) <-> (),3)),(((,5) <-> (),10)),(((,6) <-> (),9)),(([,7) <-> (],12)),(([,8) <-> (],11)),(((,14) <-> (),23)),(((,15) <-> (),22)),(((,16) <-> (),21)),(((,17) <-> (),20))"
Tetrahymena thermophila,7lmb,Tetrahymena thermophila,7uy6,10,"(((,0) <-> (),11)),(((,1) <-> (),4)),(((,2) <-> (),3)),(((,5) <-> (),8)),(([,6) <-> (],10)),(([,7) <-> (],9)),(((,12) <-> (),19)),(((,13) <-> (),18)),(((,14) <-> (),17)),(((,15) <-> (),16))","(((,1) <-> (),4)),(((,2) <-> (),3)),(((,5) <-> (),10)),(((,6) <-> (),9)),(([,7) <-> (],12)),(([,8) <-> (],11)),(((,14) <-> (),25)),(((,15) <-> (),24)),(((,16) <-> (),23)),(((,17) <-> (),22))"
Tetrahymena thermophila,7lmb,Homo sapiens,7v9a,6,"(((,0) <-> (),11)),(((,1) <-> (),4)),(((,2) <-> (),3)),(((,5) <-> (),8)),(([,6) <-> (],10)),(([,7) <-> (],9)),(((,12) <-> (),19)),(((,13) <-> (),18)),(((,14) <-> (),17)),(((,15) <-> (),16))","(((,8) <-> (),13)),(((,9) <-> (),12)),(((,10) <-> (),11)),(((,14) <-> (),23)),_,_,(((,15) <-> (),22)),(((,16) <-> (),21)),(((,17) <-> (),20)),(((,18) <-> (),19))"
Tetrahymena thermophila,7lmb,Homo sapiens,7v99,10,"(((,0) <-> (),11)),(((,1) <-> (),4)),(((,2) <-> (),3)),(((,5) <-> (),8)),(([,6) <-> (],10)),(([,7) <-> (],9)),(((,12) <-> (),19)),(((,13) <-> (),18)),(((,14) <-> (),17)),(((,15) <-> (),16))","(((,4) <-> (),13)),(((,5) <-> (),12)),(((,6) <-> (),11)),(((,7) <-> (),10)),(([,8) <-> (],18)),(([,9) <-> (],17)),(((,20) <-> (),37)),(((,21) <-> (),36)),(((,22) <-> (),35)),(((,23) <-> (),32))"
Tetrahymena thermophila,7lmb,Tetrahymena thermophila,8gap,9,"(((,0) <-> (),11)),(((,1) <-> (),4)),(((,2) <-> (),3)),(((,5) <-> (),8)),(([,6) <-> (],10)),_,(([,7) <-> (],9)),(((,12) <-> (),19)),(((,13) <-> (),18)),(((,14) <-> (),17)),(((,15) <-> (),16))","(((,1) <-> (),14)),(((,2) <-> (),5)),(((,3) <-> (),4)),(((,6) <-> (),10)),(([,7) <-> (],12)),(({,8) <-> (},13)),(([,9) <-> (],11)),(((,16) <-> (),23)),(((,17) <-> (),22)),(((,18) <-> (),21)),(((,19) <-> (),20))"
Homo sapiens,7qxa,Homo sapiens,7qxb,20,"(((,2) <-> (),20)),(((,3) <-> (),19)),(((,4) <-> (),18)),(((,5) <-> (),17)),(((,6) <-> (),16)),(((,7) <-> (),15)),(((,8) <-> (),14)),(((,9) <-> (),13)),(([,10) <-> (],23)),(([,11) <-> (],22)),(([,12) <-> (],21)),(((,26) <-> (),43)),(((,27) <-> (),42)),(((,28) <-> (),39)),(((,29) <-> (),38)),(((,30) <-> (),37)),(((,31) <-> (),36)),(((,32) <-> (),35)),(((,33) <-> (),34)),(((,40) <-> (),41))","(((,0) <-> (),21)),(((,1) <-> (),20)),(((,2) <-> (),16)),(((,3) <-> (),15)),(((,4) <-> (),14)),(((,5) <-> (),13)),(((,6) <-> (),12)),(((,7) <-> (),11)),(([,8) <-> (],19)),(([,9) <-> (],18)),(([,10) <-> (],17)),(((,22) <-> (),39)),(((,23) <-> (),38)),(((,24) <-> (),37)),(((,25) <-> (),34)),(((,26) <-> (),33)),(((,27) <-> (),32)),(((,28) <-> (),31)),(((,29) <-> (),30)),(((,35) <-> (),36))"
Homo sapiens,7qxa,Homo sapiens,7trd,20,"(((,1) <-> (),24)),(((,2) <-> (),20)),(((,3) <-> (),19)),(((,4) <-> (),18)),(((,5) <-> (),17)),(((,6) <-> (),16)),(((,7) <-> (),15)),(((,8) <-> (),14)),(((,9) <-> (),13)),(([,10) <-> (],23)),(([,11) <-> (],22)),(([,12) <-> (],21)),(((,26) <-> (),43)),(((,27) <-> (),42)),(((,28) <-> (),39)),(((,29) <-> (),38)),(((,30) <-> (),37)),(((,31) <-> (),36)),(((,32) <-> (),35)),(((,33) <-> (),34))","(((,0) <-> (),23)),(((,1) <-> (),19)),(((,2) <-> (),18)),(((,3) <-> (),17)),(((,4) <-> (),16)),(((,5) <-> (),15)),(((,6) <-> (),14)),(((,7) <-> (),13)),(((,8) <-> (),12)),(([,9) <-> (],22)),(([,10) <-> (],21)),(([,11) <-> (],20)),(((,24) <-> (),39)),(((,25) <-> (),34)),(((,26) <-> (),33)),(((,27) <-> (),32)),(((,28) <-> (),31)),(((,29) <-> (),30)),(((,35) <-> (),38)),(((,36) <-> (),37))"
Homo sapiens,7qxa,Homo sapiens,7tre,18,"(((,1) <-> (),24)),(((,2) <-> (),20)),(((,3) <-> (),19)),(((,4) <-> (),18)),(((,5) <-> (),17)),(((,6) <-> (),16)),(((,7) <-> (),15)),(((,8) <-> (),14)),(((,9) <-> (),13)),(([,10) <-> (],23)),(([,11) <-> (],22)),(([,12) <-> (],21)),(((,26) <-> (),43)),(((,27) <-> (),42)),(((,28) <-> (),39)),(((,29) <-> (),38)),(((,30) <-> (),37)),(((,31) <-> (),36)),(((,32) <-> (),35)),(((,33) <-> (),34))","(((,0) <-> (),21)),(((,1) <-> (),18)),(((,2) <-> (),17)),(((,3) <-> (),16)),(((,4) <-> (),15)),(((,5) <-> (),14)),(((,6) <-> (),13)),(((,7) <-> (),12)),(((,8) <-> (),11)),(([,9) <-> (],20)),(([,10) <-> (],19)),_,(((,22) <-> (),37)),(((,23) <-> (),32)),(((,24) <-> (),31)),(((,25) <-> (),30)),(((,26) <-> (),29)),(((,27) <-> (),28)),(((,33) <-> (),36)),(((,34) <-> (),35))"
Homo sapiens,7qxa,Homo sapiens,7trf,19,"(((,2) <-> (),20)),(((,3) <-> (),19)),(((,4) <-> (),18)),(((,5) <-> (),17)),(((,6) <-> (),16)),(((,7) <-> (),15)),(((,8) <-> (),14)),(((,9) <-> (),13)),(([,10) <-> (],23)),(([,11) <-> (],22)),(([,12) <-> (],21)),(((,26) <-> (),43)),(((,27) <-> (),42)),(((,28) <-> (),39)),(((,29) <-> (),38)),(((,30) <-> (),37)),(((,31) <-> (),36)),(((,32) <-> (),35)),(((,33) <-> (),34))","(((,0) <-> (),21)),(((,1) <-> (),17)),(((,2) <-> (),16)),(((,3) <-> (),15)),(((,4) <-> (),14)),(((,5) <-> (),13)),(((,6) <-> (),12)),(((,7) <-> (),11)),(([,8) <-> (],20)),(([,9) <-> (],19)),(([,10) <-> (],18)),(((,22) <-> (),37)),(((,23) <-> (),32)),(((,24) <-> (),31)),(((,25) <-> (),30)),(((,26) <-> (),29)),(((,27) <-> (),28)),(((,33) <-> (),36)),(((,34) <-> (),35))"
Homo sapiens,7qxa,Tetrahymena thermophila,7uy5,11,"(((,5) <-> (),17)),(((,6) <-> (),16)),(((,7) <-> (),15)),(((,8) <-> (),14)),(((,9) <-> (),13)),(([,10) <-> (],23)),(([,11) <-> (],22)),(([,12) <-> (],21)),(((,26) <-> (),43)),(((,27) <-> (),42)),(((,28) <-> (),39)),(((,29) <-> (),38)),(((,30) <-> (),37))","(((,0) <-> (),13)),(((,1) <-> (),4)),(((,2) <-> (),3)),(((,5) <-> (),10)),(((,6) <-> (),9)),(([,7) <-> (],12)),(([,8) <-> (],11)),_,(((,14) <-> (),23)),(((,15) <-> (),22)),(((,16) <-> (),21)),(((,17) <-> (),20)),(((,18) <-> (),19))"
Homo sapiens,7qxa,Tetrahymena thermophila,7uy6,12,"(((,5) <-> (),17)),(((,6) <-> (),16)),(((,7) <-> (),15)),(((,8) <-> (),14)),(((,9) <-> (),13)),(([,10) <-> (],23)),(([,11) <-> (],22)),(([,12) <-> (],21)),(((,26) <-> (),43)),(((,27) <-> (),42)),(((,28) <-> (),39)),(((,29) <-> (),38)),(((,30) <-> (),37)),(((,31) <-> (),36))","(((,0) <-> (),13)),(((,1) <-> (),4)),(((,2) <-> (),3)),(((,5) <-> (),10)),(((,6) <-> (),9)),(([,7) <-> (],12)),(([,8) <-> (],11)),_,(((,14) <-> (),25)),(((,15) <-> (),24)),(((,16) <-> (),23)),(((,17) <-> (),22)),(((,18) <-> (),21)),(((,19) <-> (),20))"
Homo sapiens,7qxa,Homo sapiens,7v9a,10,"(((,0) <-> (),25)),(((,1) <-> (),24)),(((,2) <-> (),20)),(((,3) <-> (),19)),(((,4) <-> (),18)),(((,5) <-> (),17)),(((,6) <-> (),16)),(((,7) <-> (),15)),(((,8) <-> (),14)),(((,9) <-> (),13))","(((,4) <-> (),7)),(((,5) <-> (),6)),(((,8) <-> (),13)),(((,9) <-> (),12)),(((,10) <-> (),11)),(((,14) <-> (),23)),(((,15) <-> (),22)),(((,16) <-> (),21)),(((,17) <-> (),20)),(((,18) <-> (),19))"
Homo sapiens,7qxa,Homo sapiens,7v99,18,"(((,2) <-> (),20)),(((,3) <-> (),19)),(((,4) <-> (),18)),(((,5) <-> (),17)),(((,6) <-> (),16)),(((,7) <-> (),15)),(((,8) <-> (),14)),(((,9) <-> (),13)),(([,10) <-> (],23)),(([,11) <-> (],22)),(([,12) <-> (],21)),(((,26) <-> (),43)),(((,27) <-> (),42)),(((,28) <-> (),39)),(((,29) <-> (),38)),(((,30) <-> (),37)),(((,31) <-> (),36)),(((,32) <-> (),35)),(((,33) <-> (),34)),(((,40) <-> (),41))","(((,0) <-> (),19)),(((,1) <-> (),16)),(((,2) <-> (),15)),(((,3) <-> (),14)),(((,4) <-> (),13)),(((,5) <-> (),12)),(((,6) <-> (),11)),(((,7) <-> (),10)),(([,8) <-> (],18)),(([,9) <-> (],17)),_,(((,20) <-> (),37)),(((,21) <-> (),36)),(((,22) <-> (),35)),(((,23) <-> (),32)),(((,24) <-> (),31)),(((,25) <-> (),30)),(((,26) <-> (),29)),(((,27) <-> (),28)),(((,33) <-> (),34))"
Homo sapiens,7qxa,Tetrahymena thermophila,8gap,9,"(((,5) <-> (),17)),(((,6) <-> (),16)),(((,7) <-> (),15)),(((,8) <-> (),14)),(((,9) <-> (),13)),(([,10) <-> (],23)),_,(([,11) <-> (],22)),(([,12) <-> (],21)),(((,26) <-> (),43)),(((,27) <-> (),42)),(((,28) <-> (),39)),(((,29) <-> (),38))","(((,0) <-> (),15)),(((,1) <-> (),14)),(((,2) <-> (),5)),(((,3) <-> (),4)),(((,6) <-> (),10)),(([,7) <-> (],12)),(({,8) <-> (},13)),(([,9) <-> (],11)),_,(((,16) <-> (),23)),(((,17) <-> (),22)),(((,18) <-> (),21)),(((,19) <-> (),20))"
Homo sapiens,7qxb,Homo sapiens,7trd,19,"(((,0) <-> (),21)),(((,1) <-> (),20)),(((,2) <-> (),16)),(((,3) <-> (),15)),(((,4) <-> (),14)),(((,5) <-> (),13)),(((,6) <-> (),12)),(((,7) <-> (),11)),(([,8) <-> (],19)),(([,9) <-> (],18)),(([,10) <-> (],17)),(((,22) <-> (),39)),(((,23) <-> (),38)),(((,24) <-> (),37)),(((,25) <-> (),34)),(((,26) <-> (),33)),(((,27) <-> (),32)),(((,28) <-> (),31)),(((,29) <-> (),30))","(((,1) <-> (),19)),(((,2) <-> (),18)),(((,3) <-> (),17)),(((,4) <-> (),16)),(((,5) <-> (),15)),(((,6) <-> (),14)),(((,7) <-> (),13)),(((,8) <-> (),12)),(([,9) <-> (],22)),(([,10) <-> (],21)),(([,11) <-> (],20)),(((,24) <-> (),39)),(((,25) <-> (),34)),(((,26) <-> (),33)),(((,27) <-> (),32)),(((,28) <-> (),31)),(((,29) <-> (),30)),(((,35) <-> (),38)),(((,36) <-> (),37))"
Homo sapiens,7qxb,Homo sapiens,7tre,17,"(((,0) <-> (),21)),(((,1) <-> (),20)),(((,2) <-> (),16)),(((,3) <-> (),15)),(((,4) <-> (),14)),(((,5) <-> (),13)),(((,6) <-> (),12)),(((,7) <-> (),11)),(([,8) <-> (],19)),(([,9) <-> (],18)),(([,10) <-> (],17)),(((,22) <-> (),39)),(((,23) <-> (),38)),(((,24) <-> (),37)),(((,25) <-> (),34)),(((,26) <-> (),33)),(((,27) <-> (),32)),(((,28) <-> (),31)),(((,29) <-> (),30))","(((,1) <-> (),18)),(((,2) <-> (),17)),(((,3) <-> (),16)),(((,4) <-> (),15)),(((,5) <-> (),14)),(((,6) <-> (),13)),(((,7) <-> (),12)),(((,8) <-> (),11)),(([,9) <-> (],20)),(([,10) <-> (],19)),_,(((,22) <-> (),37)),(((,23) <-> (),32)),(((,24) <-> (),31)),(((,25) <-> (),30)),(((,26) <-> (),29)),(((,27) <-> (),28)),(((,33) <-> (),36)),(((,34) <-> (),35))"
Homo sapiens,7qxb,Homo sapiens,7trf,19,"(((,0) <-> (),21)),(((,1) <-> (),20)),(((,2) <-> (),16)),(((,3) <-> (),15)),(((,4) <-> (),14)),(((,5) <-> (),13)),(((,6) <-> (),12)),(((,7) <-> (),11)),(([,8) <-> (],19)),(([,9) <-> (],18)),(([,10) <-> (],17)),(((,22) <-> (),39)),(((,23) <-> (),38)),(((,24) <-> (),37)),(((,25) <-> (),34)),(((,26) <-> (),33)),(((,27) <-> (),32)),(((,28) <-> (),31)),(((,29) <-> (),30))","(((,0) <-> (),21)),(((,1) <-> (),17)),(((,2) <-> (),16)),(((,3) <-> (),15)),(((,4) <-> (),14)),(((,5) <-> (),13)),(((,6) <-> (),12)),(((,7) <-> (),11)),(([,8) <-> (],20)),(([,9) <-> (],19)),(([,10) <-> (],18)),(((,22) <-> (),37)),(((,23) <-> (),32)),(((,24) <-> (),31)),(((,25) <-> (),30)),(((,26) <-> (),29)),(((,27) <-> (),28)),(((,33) <-> (),36)),(((,34) <-> (),35))"
Homo sapiens,7qxb,Tetrahymena thermophila,7uy5,11,"(((,3) <-> (),15)),(((,4) <-> (),14)),(((,5) <-> (),13)),(((,6) <-> (),12)),(((,7) <-> (),11)),(([,8) <-> (],19)),(([,9) <-> (],18)),(([,10) <-> (],17)),(((,22) <-> (),39)),(((,23) <-> (),38)),(((,24) <-> (),37)),(((,25) <-> (),34)),(((,26) <-> (),33))","(((,0) <-> (),13)),(((,1) <-> (),4)),(((,2) <-> (),3)),(((,5) <-> (),10)),(((,6) <-> (),9)),(([,7) <-> (],12)),(([,8) <-> (],11)),_,(((,14) <-> (),23)),(((,15) <-> (),22)),(((,16) <-> (),21)),(((,17) <-> (),20)),(((,18) <-> (),19))"
Homo sapiens,7qxb,Tetrahymena thermophila,7uy6,12,"(((,3) <-> (),15)),(((,4) <-> (),14)),(((,5) <-> (),13)),(((,6) <-> (),12)),(((,7) <-> (),11)),(([,8) <-> (],19)),(([,9) <-> (],18)),(([,10) <-> (],17)),(((,22) <-> (),39)),(((,23) <-> (),38)),(((,24) <-> (),37)),(((,25) <-> (),34)),(((,26) <-> (),33)),(((,27) <-> (),32))","(((,0) <-> (),13)),(((,1) <-> (),4)),(((,2) <-> (),3)),(((,5) <-> (),10)),(((,6) <-> (),9)),(([,7) <-> (],12)),(([,8) <-> (],11)),_,(((,14) <-> (),25)),(((,15) <-> (),24)),(((,16) <-> (),23)),(((,17) <-> (),22)),(((,18) <-> (),21)),(((,19) <-> (),20))"
Homo sapiens,7qxb,Homo sapiens,7v9a,9,"(((,22) <-> (),39)),(((,23) <-> (),38)),(((,24) <-> (),37)),(((,25) <-> (),34)),(((,26) <-> (),33)),(((,27) <-> (),32)),(((,28) <-> (),31)),(((,29) <-> (),30)),(((,35) <-> (),36))","(((,5) <-> (),6)),(((,8) <-> (),13)),(((,9) <-> (),12)),(((,10) <-> (),11)),(((,14) <-> (),23)),(((,15) <-> (),22)),(((,16) <-> (),21)),(((,17) <-> (),20)),(((,18) <-> (),19))"
Homo sapiens,7qxb,Homo sapiens,7v99,18,"(((,0) <-> (),21)),(((,1) <-> (),20)),(((,2) <-> (),16)),(((,3) <-> (),15)),(((,4) <-> (),14)),(((,5) <-> (),13)),(((,6) <-> (),12)),(((,7) <-> (),11)),(([,8) <-> (],19)),(([,9) <-> (],18)),(([,10) <-> (],17)),(((,22) <-> (),39)),(((,23) <-> (),38)),(((,24) <-> (),37)),(((,25) <-> (),34)),(((,26) <-> (),33)),(((,27) <-> (),32)),(((,28) <-> (),31)),(((,29) <-> (),30)),(((,35) <-> (),36))","(((,0) <-> (),19)),(((,1) <-> (),16)),(((,2) <-> (),15)),(((,3) <-> (),14)),(((,4) <-> (),13)),(((,5) <-> (),12)),(((,6) <-> (),11)),(((,7) <-> (),10)),(([,8) <-> (],18)),(([,9) <-> (],17)),_,(((,20) <-> (),37)),(((,21) <-> (),36)),(((,22) <-> (),35)),(((,23) <-> (),32)),(((,24) <-> (),31)),(((,25) <-> (),30)),(((,26) <-> (),29)),(((,27) <-> (),28)),(((,33) <-> (),34))"
Homo sapiens,7qxb,Tetrahymena thermophila,8gap,9,"(((,3) <-> (),15)),(((,4) <-> (),14)),(((,5) <-> (),13)),(((,6) <-> (),12)),(((,7) <-> (),11)),(([,8) <-> (],19)),_,(([,9) <-> (],18)),(([,10) <-> (],17)),(((,22) <-> (),39)),(((,23) <-> (),38)),(((,24) <-> (),37)),(((,25) <-> (),34))","(((,0) <-> (),15)),(((,1) <-> (),14)),(((,2) <-> (),5)),(((,3) <-> (),4)),(((,6) <-> (),10)),(([,7) <-> (],12)),(({,8) <-> (},13)),(([,9) <-> (],11)),_,(((,16) <-> (),23)),(((,17) <-> (),22)),(((,18) <-> (),21)),(((,19) <-> (),20))"
Homo sapiens,7trd,Homo sapiens,7tre,18,"(((,0) <-> (),23)),(((,1) <-> (),19)),(((,2) <-> (),18)),(((,3) <-> (),17)),(((,4) <-> (),16)),(((,5) <-> (),15)),(((,6) <-> (),14)),(((,7) <-> (),13)),(((,8) <-> (),12)),(([,9) <-> (],22)),(([,10) <-> (],21)),(([,11) <-> (],20)),(((,24) <-> (),39)),(((,25) <-> (),34)),(((,26) <-> (),33)),(((,27) <-> (),32)),(((,28) <-> (),31)),(((,29) <-> (),30)),(((,35) <-> (),38)),(((,36) <-> (),37))","(((,0) <-> (),21)),(((,1) <-> (),18)),(((,2) <-> (),17)),(((,3) <-> (),16)),(((,4) <-> (),15)),(((,5) <-> (),14)),(((,6) <-> (),13)),(((,7) <-> (),12)),(((,8) <-> (),11)),(([,9) <-> (],20)),(([,10) <-> (],19)),_,(((,22) <-> (),37)),(((,23) <-> (),32)),(((,24) <-> (),31)),(((,25) <-> (),30)),(((,26) <-> (),29)),(((,27) <-> (),28)),(((,33) <-> (),36)),(((,34) <-> (),35))"
Homo sapiens,7trd,Homo sapiens,7trf,19,"(((,1) <-> (),19)),(((,2) <-> (),18)),(((,3) <-> (),17)),(((,4) <-> (),16)),(((,5) <-> (),15)),(((,6) <-> (),14)),(((,7) <-> (),13)),(((,8) <-> (),12)),(([,9) <-> (],22)),(([,10) <-> (],21)),(([,11) <-> (],20)),(((,24) <-> (),39)),(((,25) <-> (),34)),(((,26) <-> (),33)),(((,27) <-> (),32)),(((,28) <-> (),31)),(((,29) <-> (),30)),(((,35) <-> (),38)),(((,36) <-> (),37))","(((,0) <-> (),21)),(((,1) <-> (),17)),(((,2) <-> (),16)),(((,3) <-> (),15)),(((,4) <-> (),14)),(((,5) <-> (),13)),(((,6) <-> (),12)),(((,7) <-> (),11)),(([,8) <-> (],20)),(([,9) <-> (],19)),(([,10) <-> (],18)),(((,22) <-> (),37)),(((,23) <-> (),32)),(((,24) <-> (),31)),(((,25) <-> (),30)),(((,26) <-> (),29)),(((,27) <-> (),28)),(((,33) <-> (),36)),(((,34) <-> (),35))"
Homo sapiens,7trd,Tetrahymena thermophila,7uy5,11,"(((,4) <-> (),16)),(((,5) <-> (),15)),(((,6) <-> (),14)),(((,7) <-> (),13)),(((,8) <-> (),12)),(([,9) <-> (],22)),(([,10) <-> (],21)),(([,11) <-> (],20)),(((,24) <-> (),39)),(((,25) <-> (),34)),(((,26) <-> (),33)),(((,27) <-> (),32)),(((,28) <-> (),31))","(((,0) <-> (),13)),(((,1) <-> (),4)),(((,2) <-> (),3)),(((,5) <-> (),10)),(((,6) <-> (),9)),(([,7) <-> (],12)),(([,8) <-> (],11)),_,(((,14) <-> (),23)),(((,15) <-> (),22)),(((,16) <-> (),21)),(((,17) <-> (),20)),(((,18) <-> (),19))"
Homo sapiens,7trd,Tetrahymena thermophila,7uy6,12,"(((,4) <-> (),16)),(((,5) <-> (),15)),(((,6) <-> (),14)),(((,7) <-> (),13)),(((,8) <-> (),12)),(([,9) <-> (],22)),(([,10) <-> (],21)),(([,11) <-> (],20)),(((,24) <-> (),39)),(((,25) <-> (),34)),(((,26) <-> (),33)),(((,27) <-> (),32)),(((,28) <-> (),31)),(((,29) <-> (),30))","(((,0) <-> (),13)),(((,1) <-> (),4)),(((,2) <-> (),3)),(((,5) <-> (),10)),(((,6) <-> (),9)),(([,7) <-> (],12)),(([,8) <-> (],11)),_,(((,14) <-> (),25)),(((,15) <-> (),24)),(((,16) <-> (),23)),(((,17) <-> (),22)),(((,18) <-> (),21)),(((,19) <-> (),20))"
Homo sapiens,7trd,Homo sapiens,7v9a,9,"(((,5) <-> (),15)),(((,6) <-> (),14)),(((,7) <-> (),13)),(((,8) <-> (),12)),(([,9) <-> (],22)),(([,10) <-> (],21)),(([,11) <-> (],20)),(((,24) <-> (),39)),(((,25) <-> (),34)),(((,26) <-> (),33)),(((,27) <-> (),32)),(((,28) <-> (),31)),(((,29) <-> (),30)),(((,35) <-> (),38)),(((,36) <-> (),37))","(((,0) <-> (),3)),(((,1) <-> (),2)),(((,4) <-> (),7)),(((,5) <-> (),6)),_,_,_,(((,8) <-> (),13)),(((,9) <-> (),12)),(((,10) <-> (),11)),(((,14) <-> (),23)),(((,15) <-> (),22)),(((,16) <-> (),21)),(((,17) <-> (),20)),(((,18) <-> (),19))"
Homo sapiens,7trd,Homo sapiens,7v99,17,"(((,1) <-> (),19)),(((,2) <-> (),18)),(((,3) <-> (),17)),(((,4) <-> (),16)),(((,5) <-> (),15)),(((,6) <-> (),14)),(((,7) <-> (),13)),(((,8) <-> (),12)),(([,9) <-> (],22)),(([,10) <-> (],21)),(([,11) <-> (],20)),(((,24) <-> (),39)),(((,25) <-> (),34)),(((,26) <-> (),33)),(((,27) <-> (),32)),(((,28) <-> (),31)),(((,29) <-> (),30)),(((,35) <-> (),38)),(((,36) <-> (),37))","(((,0) <-> (),19)),(((,1) <-> (),16)),(((,2) <-> (),15)),(((,3) <-> (),14)),(((,4) <-> (),13)),(((,5) <-> (),12)),(((,6) <-> (),11)),(((,7) <-> (),10)),(([,8) <-> (],18)),(([,9) <-> (],17)),_,(((,20) <-> (),37)),(((,21) <-> (),36)),(((,22) <-> (),35)),(((,23) <-> (),32)),(((,24) <-> (),31)),(((,25) <-> (),30)),(((,26) <-> (),29)),(((,27) <-> (),28))"
Homo sapiens,7trd,Tetrahymena thermophila,8gap,9,"(((,4) <-> (),16)),(((,5) <-> (),15)),(((,6) <-> (),14)),(((,7) <-> (),13)),(((,8) <-> (),12)),(([,9) <-> (],22)),_,(([,10) <-> (],21)),(([,11) <-> (],20)),(((,24) <-> (),39)),(((,25) <-> (),34)),(((,26) <-> (),33)),(((,27) <-> (),32))","(((,0) <-> (),15)),(((,1) <-> (),14)),(((,2) <-> (),5)),(((,3) <-> (),4)),(((,6) <-> (),10)),(([,7) <-> (],12)),(({,8) <-> (},13)),(([,9) <-> (],11)),_,(((,16) <-> (),23)),(((,17) <-> (),22)),(((,18) <-> (),21)),(((,19) <-> (),20))"
Homo sapiens,7tre,Homo sapiens,7trf,17,"(((,1) <-> (),18)),(((,2) <-> (),17)),(((,3) <-> (),16)),(((,4) <-> (),15)),(((,5) <-> (),14)),(((,6) <-> (),13)),(((,7) <-> (),12)),(((,8) <-> (),11)),_,(([,9) <-> (],20)),(([,10) <-> (],19)),(((,22) <-> (),37)),(((,23) <-> (),32)),(((,24) <-> (),31)),(((,25) <-> (),30)),(((,26) <-> (),29)),(((,27) <-> (),28)),(((,33) <-> (),36)),(((,34) <-> (),35))","(((,0) <-> (),21)),(((,1) <-> (),17)),(((,2) <-> (),16)),(((,3) <-> (),15)),(((,4) <-> (),14)),(((,5) <-> (),13)),(((,6) <-> (),12)),(((,7) <-> (),11)),(([,8) <-> (],20)),(([,9) <-> (],19)),(([,10) <-> (],18)),(((,22) <-> (),37)),(((,23) <-> (),32)),(((,24) <-> (),31)),(((,25) <-> (),30)),(((,26) <-> (),29)),(((,27) <-> (),28)),(((,33) <-> (),36)),(((,34) <-> (),35))"
Homo sapiens,7tre,Tetrahymena thermophila,7uy5,12,"(((,4) <-> (),15)),(((,5) <-> (),14)),(((,6) <-> (),13)),(((,7) <-> (),12)),(((,8) <-> (),11)),(([,9) <-> (],20)),(([,10) <-> (],19)),(((,22) <-> (),37)),(((,23) <-> (),32)),(((,24) <-> (),31)),(((,25) <-> (),30)),(((,26) <-> (),29))","(((,0) <-> (),13)),(((,1) <-> (),4)),(((,2) <-> (),3)),(((,5) <-> (),10)),(((,6) <-> (),9)),(([,7) <-> (],12)),(([,8) <-> (],11)),(((,14) <-> (),23)),(((,15) <-> (),22)),(((,16) <-> (),21)),(((,17) <-> (),20)),(((,18) <-> (),19))"
Homo sapiens,7tre,Tetrahymena thermophila,7uy6,13,"(((,4) <-> (),15)),(((,5) <-> (),14)),(((,6) <-> (),13)),(((,7) <-> (),12)),(((,8) <-> (),11)),(([,9) <-> (],20)),(([,10) <-> (],19)),(((,22) <-> (),37)),(((,23) <-> (),32)),(((,24) <-> (),31)),(((,25) <-> (),30)),(((,26) <-> (),29)),(((,27) <-> (),28))","(((,0) <-> (),13)),(((,1) <-> (),4)),(((,2) <-> (),3)),(((,5) <-> (),10)),(((,6) <-> (),9)),(([,7) <-> (],12)),(([,8) <-> (],11)),(((,14) <-> (),25)),(((,15) <-> (),24)),(((,16) <-> (),23)),(((,17) <-> (),22)),(((,18) <-> (),21)),(((,19) <-> (),20))"
Homo sapiens,7tre,Homo sapiens,7v9a,10,"(((,5) <-> (),14)),(((,6) <-> (),13)),(((,7) <-> (),12)),(((,8) <-> (),11)),(([,9) <-> (],20)),(([,10) <-> (],19)),(((,22) <-> (),37)),(((,23) <-> (),32)),(((,24) <-> (),31)),(((,25) <-> (),30)),(((,26) <-> (),29)),(((,27) <-> (),28)),(((,33) <-> (),36)),(((,34) <-> (),35))","(((,0) <-> (),3)),(((,1) <-> (),2)),(((,4) <-> (),7)),(((,5) <-> (),6)),_,_,(((,8) <-> (),13)),(((,9) <-> (),12)),(((,10) <-> (),11)),(((,14) <-> (),23)),(((,15) <-> (),22)),(((,16) <-> (),21)),(((,17) <-> (),20)),(((,18) <-> (),19))"
Homo sapiens,7tre,Homo sapiens,7v99,18,"(((,1) <-> (),18)),(((,2) <-> (),17)),(((,3) <-> (),16)),(((,4) <-> (),15)),(((,5) <-> (),14)),(((,6) <-> (),13)),(((,7) <-> (),12)),(((,8) <-> (),11)),(([,9) <-> (],20)),(([,10) <-> (],19)),(((,22) <-> (),37)),(((,23) <-> (),32)),(((,24) <-> (),31)),(((,25) <-> (),30)),(((,26) <-> (),29)),(((,27) <-> (),28)),(((,33) <-> (),36)),(((,34) <-> (),35))","(((,0) <-> (),19)),(((,1) <-> (),16)),(((,2) <-> (),15)),(((,3) <-> (),14)),(((,4) <-> (),13)),(((,5) <-> (),12)),(((,6) <-> (),11)),(((,7) <-> (),10)),(([,8) <-> (],18)),(([,9) <-> (],17)),(((,20) <-> (),37)),(((,21) <-> (),36)),(((,22) <-> (),35)),(((,23) <-> (),32)),(((,24) <-> (),31)),(((,25) <-> (),30)),(((,26) <-> (),29)),(((,27) <-> (),28))"
Homo sapiens,7tre,Tetrahymena thermophila,8gap,10,"(((,4) <-> (),15)),(((,5) <-> (),14)),(((,6) <-> (),13)),(((,7) <-> (),12)),(((,8) <-> (),11)),(([,9) <-> (],20)),_,(([,10) <-> (],19)),(((,22) <-> (),37)),(((,23) <-> (),32)),(((,24) <-> (),31)),(((,25) <-> (),30))","(((,0) <-> (),15)),(((,1) <-> (),14)),(((,2) <-> (),5)),(((,3) <-> (),4)),(((,6) <-> (),10)),(([,7) <-> (],12)),(({,8) <-> (},13)),(([,9) <-> (],11)),(((,16) <-> (),23)),(((,17) <-> (),22)),(((,18) <-> (),21)),(((,19) <-> (),20))"
Homo sapiens,7trf,Tetrahymena thermophila,7uy5,11,"(((,3) <-> (),15)),(((,4) <-> (),14)),(((,5) <-> (),13)),(((,6) <-> (),12)),(((,7) <-> (),11)),(([,8) <-> (],20)),(([,9) <-> (],19)),(([,10) <-> (],18)),(((,22) <-> (),37)),(((,23) <-> (),32)),(((,24) <-> (),31)),(((,25) <-> (),30)),(((,26) <-> (),29))","(((,0) <-> (),13)),(((,1) <-> (),4)),(((,2) <-> (),3)),(((,5) <-> (),10)),(((,6) <-> (),9)),(([,7) <-> (],12)),(([,8) <-> (],11)),_,(((,14) <-> (),23)),(((,15) <-> (),22)),(((,16) <-> (),21)),(((,17) <-> (),20)),(((,18) <-> (),19))"
Homo sapiens,7trf,Tetrahymena thermophila,7uy6,12,"(((,3) <-> (),15)),(((,4) <-> (),14)),(((,5) <-> (),13)),(((,6) <-> (),12)),(((,7) <-> (),11)),(([,8) <-> (],20)),(([,9) <-> (],19)),(([,10) <-> (],18)),(((,22) <-> (),37)),(((,23) <-> (),32)),(((,24) <-> (),31)),(((,25) <-> (),30)),(((,26) <-> (),29)),(((,27) <-> (),28))","(((,0) <-> (),13)),(((,1) <-> (),4)),(((,2) <-> (),3)),(((,5) <-> (),10)),(((,6) <-> (),9)),(([,7) <-> (],12)),(([,8) <-> (],11)),_,(((,14) <-> (),25)),(((,15) <-> (),24)),(((,16) <-> (),23)),(((,17) <-> (),22)),(((,18) <-> (),21)),(((,19) <-> (),20))"
Homo sapiens,7trf,Homo sapiens,7v9a,9,"(((,4) <-> (),14)),(((,5) <-> (),13)),(((,6) <-> (),12)),(((,7) <-> (),11)),(([,8) <-> (],20)),(([,9) <-> (],19)),(([,10) <-> (],18)),(((,22) <-> (),37)),(((,23) <-> (),32)),(((,24) <-> (),31)),(((,25) <-> (),30)),(((,26) <-> (),29)),(((,27) <-> (),28)),(((,33) <-> (),36)),(((,34) <-> (),35))","(((,0) <-> (),3)),(((,1) <-> (),2)),(((,4) <-> (),7)),(((,5) <-> (),6)),_,_,_,(((,8) <-> (),13)),(((,9) <-> (),12)),(((,10) <-> (),11)),(((,14) <-> (),23)),(((,15) <-> (),22)),(((,16) <-> (),21)),(((,17) <-> (),20)),(((,18) <-> (),19))"
Homo sapiens,7trf,Homo sapiens,7v99,17,"(((,0) <-> (),21)),(((,1) <-> (),17)),(((,2) <-> (),16)),(((,3) <-> (),15)),(((,4) <-> (),14)),(((,5) <-> (),13)),(((,6) <-> (),12)),(((,7) <-> (),11)),(([,8) <-> (],20)),(([,9) <-> (],19)),(([,10) <-> (],18)),(((,22) <-> (),37)),(((,23) <-> (),32)),(((,24) <-> (),31)),(((,25) <-> (),30)),(((,26) <-> (),29)),(((,27) <-> (),28)),(((,33) <-> (),36)),(((,34) <-> (),35))","(((,0) <-> (),19)),(((,1) <-> (),16)),(((,2) <-> (),15)),(((,3) <-> (),14)),(((,4) <-> (),13)),(((,5) <-> (),12)),(((,6) <-> (),11)),(((,7) <-> (),10)),(([,8) <-> (],18)),(([,9) <-> (],17)),_,(((,20) <-> (),37)),(((,21) <-> (),36)),(((,22) <-> (),35)),(((,23) <-> (),32)),(((,24) <-> (),31)),(((,25) <-> (),30)),(((,26) <-> (),29)),(((,27) <-> (),28))"
Homo sapiens,7trf,Tetrahymena thermophila,8gap,9,"(((,3) <-> (),15)),(((,4) <-> (),14)),(((,5) <-> (),13)),(((,6) <-> (),12)),(((,7) <-> (),11)),(([,8) <-> (],20)),_,(([,9) <-> (],19)),(([,10) <-> (],18)),(((,22) <-> (),37)),(((,23) <-> (),32)),(((,24) <-> (),31)),(((,25) <-> (),30))","(((,0) <-> (),15)),(((,1) <-> (),14)),(((,2) <-> (),5)),(((,3) <-> (),4)),(((,6) <-> (),10)),(([,7) <-> (],12)),(({,8) <-> (},13)),(([,9) <-> (],11)),_,(((,16) <-> (),23)),(((,17) <-> (),22)),(((,18) <-> (),21)),(((,19) <-> (),20))"
Tetrahymena thermophila,7uy5,Tetrahymena thermophila,7uy6,12,"(((,0) <-> (),13)),(((,1) <-> (),4)),(((,2) <-> (),3)),(((,5) <-> (),10)),(((,6) <-> (),9)),(([,7) <-> (],12)),(([,8) <-> (],11)),(((,14) <-> (),23)),(((,15) <-> (),22)),(((,16) <-> (),21)),(((,17) <-> (),20)),(((,18) <-> (),19))","(((,0) <-> (),13)),(((,1) <-> (),4)),(((,2) <-> (),3)),(((,5) <-> (),10)),(((,6) <-> (),9)),(([,7) <-> (],12)),(([,8) <-> (],11)),(((,14) <-> (),25)),(((,15) <-> (),24)),(((,16) <-> (),23)),(((,17) <-> (),22)),(((,18) <-> (),21))"
Tetrahymena thermophila,7uy5,Homo sapiens,7v9a,8,"(((,0) <-> (),13)),(((,1) <-> (),4)),(((,2) <-> (),3)),(((,5) <-> (),10)),(((,6) <-> (),9)),(([,7) <-> (],12)),(([,8) <-> (],11)),(((,14) <-> (),23)),(((,15) <-> (),22)),(((,16) <-> (),21)),(((,17) <-> (),20)),(((,18) <-> (),19))","(((,4) <-> (),7)),(((,5) <-> (),6)),(((,8) <-> (),13)),(((,9) <-> (),12)),(((,10) <-> (),11)),_,_,(((,14) <-> (),23)),(((,15) <-> (),22)),(((,16) <-> (),21)),(((,17) <-> (),20)),(((,18) <-> (),19))"
Tetrahymena thermophila,7uy5,Homo sapiens,7v99,12,"(((,0) <-> (),13)),(((,1) <-> (),4)),(((,2) <-> (),3)),(((,5) <-> (),10)),(((,6) <-> (),9)),(([,7) <-> (],12)),(([,8) <-> (],11)),(((,14) <-> (),23)),(((,15) <-> (),22)),(((,16) <-> (),21)),(((,17) <-> (),20)),(((,18) <-> (),19))","(((,3) <-> (),14)),(((,4) <-> (),13)),(((,5) <-> (),12)),(((,6) <-> (),11)),(((,7) <-> (),10)),(([,8) <-> (],18)),(([,9) <-> (],17)),(((,20) <-> (),37)),(((,21) <-> (),36)),(((,22) <-> (),35)),(((,23) <-> (),32)),(((,24) <-> (),31))"
Tetrahymena thermophila,7uy5,Tetrahymena thermophila,8gap,10,"(((,0) <-> (),13)),(((,1) <-> (),4)),(((,2) <-> (),3)),(((,5) <-> (),10)),(((,6) <-> (),9)),(([,7) <-> (],12)),_,(([,8) <-> (],11)),(((,14) <-> (),23)),(((,15) <-> (),22)),(((,16) <-> (),21)),(((,17) <-> (),20))","(((,0) <-> (),15)),(((,1) <-> (),14)),(((,2) <-> (),5)),(((,3) <-> (),4)),(((,6) <-> (),10)),(([,7) <-> (],12)),(({,8) <-> (},13)),(([,9) <-> (],11)),(((,16) <-> (),23)),(((,17) <-> (),22)),(((,18) <-> (),21)),(((,19) <-> (),20))"
Tetrahymena thermophila,7uy6,Homo sapiens,7v9a,9,"(((,0) <-> (),13)),(((,1) <-> (),4)),(((,2) <-> (),3)),(((,5) <-> (),10)),(((,6) <-> (),9)),(([,7) <-> (],12)),(([,8) <-> (],11)),(((,14) <-> (),25)),(((,15) <-> (),24)),(((,16) <-> (),23)),(((,17) <-> (),22)),(((,18) <-> (),21)),(((,19) <-> (),20))","(((,1) <-> (),2)),(((,4) <-> (),7)),(((,5) <-> (),6)),(((,8) <-> (),13)),(((,9) <-> (),12)),_,_,(((,10) <-> (),11)),(((,14) <-> (),23)),(((,15) <-> (),22)),(((,16) <-> (),21)),(((,17) <-> (),20)),(((,18) <-> (),19))"
Tetrahymena thermophila,7uy6,Homo sapiens,7v99,13,"(((,0) <-> (),13)),(((,1) <-> (),4)),(((,2) <-> (),3)),(((,5) <-> (),10)),(((,6) <-> (),9)),(([,7) <-> (],12)),(([,8) <-> (],11)),(((,14) <-> (),25)),(((,15) <-> (),24)),(((,16) <-> (),23)),(((,17) <-> (),22)),(((,18) <-> (),21)),(((,19) <-> (),20))","(((,3) <-> (),14)),(((,4) <-> (),13)),(((,5) <-> (),12)),(((,6) <-> (),11)),(((,7) <-> (),10)),(([,8) <-> (],18)),(([,9) <-> (],17)),(((,20) <-> (),37)),(((,21) <-> (),36)),(((,22) <-> (),35)),(((,23) <-> (),32)),(((,24) <-> (),31)),(((,25) <-> (),30))"
Tetrahymena thermophila,7uy6,Tetrahymena thermophila,8gap,10,"(((,0) <-> (),13)),(((,1) <-> (),4)),(((,2) <-> (),3)),(((,5) <-> (),10)),(((,6) <-> (),9)),(([,7) <-> (],12)),_,(([,8) <-> (],11)),(((,14) <-> (),25)),(((,15) <-> (),24)),(((,16) <-> (),23)),(((,17) <-> (),22))","(((,0) <-> (),15)),(((,1) <-> (),14)),(((,2) <-> (),5)),(((,3) <-> (),4)),(((,6) <-> (),10)),(([,7) <-> (],12)),(({,8) <-> (},13)),(([,9) <-> (],11)),(((,16) <-> (),23)),(((,17) <-> (),22)),(((,18) <-> (),21)),(((,19) <-> (),20))"
Homo sapiens,7v9a,Homo sapiens,7v99,10,"(((,0) <-> (),3)),(((,1) <-> (),2)),(((,4) <-> (),7)),_,_,(((,5) <-> (),6)),(((,8) <-> (),13)),(((,9) <-> (),12)),(((,10) <-> (),11)),(((,14) <-> (),23)),(((,15) <-> (),22)),(((,16) <-> (),21)),(((,17) <-> (),20)),(((,18) <-> (),19))","(((,5) <-> (),12)),(((,6) <-> (),11)),(((,7) <-> (),10)),(([,8) <-> (],18)),(([,9) <-> (],17)),(((,20) <-> (),37)),(((,21) <-> (),36)),(((,22) <-> (),35)),(((,23) <-> (),32)),(((,24) <-> (),31)),(((,25) <-> (),30)),(((,26) <-> (),29)),(((,27) <-> (),28)),(((,33) <-> (),34))"
Homo sapiens,7v9a,Tetrahymena thermophila,8gap,6,"(((,5) <-> (),6)),(((,8) <-> (),13)),(((,9) <-> (),12)),(((,10) <-> (),11)),(((,14) <-> (),23)),_,_,_,(((,15) <-> (),22)),(((,16) <-> (),21)),(((,17) <-> (),20)),(((,18) <-> (),19))","(((,0) <-> (),15)),(((,1) <-> (),14)),(((,2) <-> (),5)),(((,3) <-> (),4)),(((,6) <-> (),10)),(([,7) <-> (],12)),(({,8) <-> (},13)),(([,9) <-> (],11)),(((,16) <-> (),23)),(((,17) <-> (),22)),(((,18) <-> (),21)),(((,19) <-> (),20))"
Homo sapiens,7v99,Tetrahymena thermophila,8gap,10,"(((,3) <-> (),14)),(((,4) <-> (),13)),(((,5) <-> (),12)),(((,6) <-> (),11)),(((,7) <-> (),10)),(([,8) <-> (],18)),_,(([,9) <-> (],17)),(((,20) <-> (),37)),(((,21) <-> (),36)),(((,22) <-> (),35)),(((,23) <-> (),32))","(((,0) <-> (),15)),(((,1) <-> (),14)),(((,2) <-> (),5)),(((,3) <-> (),4)),(((,6) <-> (),10)),(([,7) <-> (],12)),(({,8) <-> (},13)),(([,9) <-> (],11)),(((,16) <-> (),23)),(((,17) <-> (),22)),(((,18) <-> (),21)),(((,19) <-> (),20))"
