Molecola1,Molecola2,ValoreLocalComparison,Allineamento1,Allineamento2
1na2_Telomerase.bpseq.db.txt,1q75_Telomerase.bpseq.db.txt,20.0,"U,C,U,C,_,G,C,U,G,A,_,C","U,C,U,C,A,G,_,U,G,A,G,C"
1na2_Telomerase.bpseq.db.txt,1ymo_Telomerase.bpseq.db.txt,63.829787234042556,"G,G,G,C,U,G,U,U,U,U,U,C,U,C,G,C,U,G,A,C,U,U,U,C,A,G,C,C,C,C","G,G,G,C,U,G,U,U,U,U,U,C,U,C,G,C,U,G,A,C,U,U,U,C,A,G,C,C,C,C"
1na2_Telomerase.bpseq.db.txt,2fey_Telomerase.bpseq.db.txt,13.953488372093023,"U,U,U,U,C,U,_,C,G,C,U,G,A,C,U,U,_,U,C,A","U,U,U,G,A,U,A,C,A,C,U,_,A,U,U,U,A,U,C,A"
1na2_Telomerase.bpseq.db.txt,2k95_Telomerase.bpseq.db.txt,62.5,"G,G,G,C,U,G,U,U,U,U,U,C,U,C,G,C,U,G,A,C,U,U,U,C,A,G,C,C,C,C","G,G,G,C,U,G,U,U,U,U,U,C,U,C,G,C,U,G,A,C,U,U,U,C,A,G,C,C,C,C"
1na2_Telomerase.bpseq.db.txt,2mhi_Telomerase.bpseq.db.txt,15.09433962264151,"G,U,U,U,U,U,C,U,C,_,G,C,U,G,A,C,U,U,U,C","G,U,U,C,G,U,C,U,C,U,G,U,U,G,_,_,U,U,U,C"
1na2_Telomerase.bpseq.db.txt,2qh2_Telomerase.bpseq.db.txt,20.0,"C,U,G,A,_,C,U,_,U,_,U,C,A,G,C,C,C,C","C,U,G,A,G,C,U,G,U,G,G,C,A,_,C,U,C,C"
1na2_Telomerase.bpseq.db.txt,5kmz_Telomerase.bpseq.db.txt,19.35483870967742,"A,C,U,U,U,C,A,G,C,C","A,C,C,U,U,C,A,_,C,C"
1na2_Telomerase.bpseq.db.txt,5kqe_Telomerase.bpseq.db.txt,22.22222222222222,"G,G,G,C,U,G,U,U,U,U,U,C,U,C,G,_,C,U,G,A,C,U,U,U,C,A,G,C","G,G,G,_,U,G,U,A,C,U,U,A,A,C,G,U,U,U,G,_,C,U,U,_,C,G,G,C"
1na2_Telomerase.bpseq.db.txt,7lma_Telomerase.bpseq.db.txt,5.769230769230769,"C,U,G,A,C,U,U,U,C,A,G,C,C,C,C","C,U,G,U,C,A,U,U,C,A,A,C,C,C,C"
1na2_Telomerase.bpseq.db.txt,7lmb_Telomerase.bpseq.db.txt,5.960264900662252,"C,U,G,A,C,U,U,U,C,A,G,C,C,C,C","C,U,G,U,C,A,U,U,C,A,A,C,C,C,C"
1na2_Telomerase.bpseq.db.txt,7qxa_Telomerase.bpseq.db.txt,9.881422924901186,"G,C,U,G,U,U,U,U,U,C,U,C,G,C,U,G,A,C,U,U,U,C,A,G,C","G,C,U,G,U,U,U,U,U,C,U,C,G,C,U,G,A,C,U,U,U,C,A,G,C"
1na2_Telomerase.bpseq.db.txt,7qxb_Telomerase.bpseq.db.txt,9.765625,"G,C,U,G,U,U,U,U,U,C,U,C,G,C,U,G,A,C,U,U,U,C,A,G,C","G,C,U,G,U,U,U,U,U,C,U,C,G,C,U,G,A,C,U,U,U,C,A,G,C"
1na2_Telomerase.bpseq.db.txt,7trd_Telomerase.bpseq.db.txt,11.52073732718894,"G,C,U,G,U,U,U,U,U,C,U,C,G,C,U,G,A,C,U,U,U,C,A,G,C","G,C,U,G,U,U,U,U,U,C,U,C,G,C,U,G,A,C,U,U,U,C,A,G,C"
1na2_Telomerase.bpseq.db.txt,7tre_Telomerase.bpseq.db.txt,11.52073732718894,"G,C,U,G,U,U,U,U,U,C,U,C,G,C,U,G,A,C,U,U,U,C,A,G,C","G,C,U,G,U,U,U,U,U,C,U,C,G,C,U,G,A,C,U,U,U,C,A,G,C"
1na2_Telomerase.bpseq.db.txt,7trf_Telomerase.bpseq.db.txt,11.52073732718894,"G,C,U,G,U,U,U,U,U,C,U,C,G,C,U,G,A,C,U,U,U,C,A,G,C","G,C,U,G,U,U,U,U,U,C,U,C,G,C,U,G,A,C,U,U,U,C,A,G,C"
1na2_Telomerase.bpseq.db.txt,7uy5_Telomerase.bpseq.db.txt,5.769230769230769,"C,U,G,A,C,U,U,U,C,A,G,C,C,C,C","C,U,G,U,C,A,U,U,C,A,A,C,C,C,C"
1na2_Telomerase.bpseq.db.txt,7uy6_Telomerase.bpseq.db.txt,5.769230769230769,"C,U,G,A,C,U,U,U,C,A,G,C,C,C,C","C,U,G,U,C,A,U,U,C,A,A,C,C,C,C"
1na2_Telomerase.bpseq.db.txt,7v99_Telomerase.bpseq.db.txt,10.2880658436214,"G,C,U,G,U,U,U,U,U,C,U,C,G,C,U,G,A,C,U,U,U,C,A,G,C","G,C,U,G,U,U,U,U,U,C,U,C,G,C,U,G,A,C,U,U,U,C,A,G,C"
1na2_Telomerase.bpseq.db.txt,7v9a_Telomerase.bpseq.db.txt,5.47945205479452,"C,U,U,U,C,A,_,G,C,C,C,C","C,U,U,U,C,A,G,G,C,C,G,C"
1na2_Telomerase.bpseq.db.txt,8gap_Telomerase.bpseq.db.txt,5.660377358490566,"C,U,G,A,C,U,U,U,C,A,G,C,C,C,C","C,U,G,U,C,A,U,U,C,A,A,C,C,C,C"
1q75_Telomerase.bpseq.db.txt,1ymo_Telomerase.bpseq.db.txt,12.76595744680851,"U,C,U,C,A,G,_,U,G,A,G,C","U,C,U,C,_,G,C,U,G,A,_,C"
1q75_Telomerase.bpseq.db.txt,2fey_Telomerase.bpseq.db.txt,9.30232558139535,"U,C,A,G,U,_,G,A,_,G,_,C,_,C","U,C,A,A,U,G,G,A,U,G,U,C,U,C"
1q75_Telomerase.bpseq.db.txt,2k95_Telomerase.bpseq.db.txt,12.5,"U,C,U,C,A,G,_,U,G,A,G,C","U,C,U,C,_,G,C,U,G,A,_,C"
1q75_Telomerase.bpseq.db.txt,2mhi_Telomerase.bpseq.db.txt,11.320754716981131,"G,G,C,U,_,C,U,_,C,_,A,G,U,G,A,G","G,G,C,U,G,C,U,G,C,G,A,A,_,G,A,G"
1q75_Telomerase.bpseq.db.txt,2qh2_Telomerase.bpseq.db.txt,20.833333333333332,"G,C,U,C,U,C,A,G,_,U,G,_,A,G,C,_,C","G,C,_,C,U,G,A,G,C,U,G,U,G,G,C,A,C"
1q75_Telomerase.bpseq.db.txt,5kmz_Telomerase.bpseq.db.txt,12.903225806451612,"A,G,U,G,A,G","A,G,U,G,_,G"
1q75_Telomerase.bpseq.db.txt,5kqe_Telomerase.bpseq.db.txt,11.11111111111111,"G,C,U,C,U,C,A,G,U,G,_,A","G,C,U,_,U,C,_,G,_,G,C,A"
1q75_Telomerase.bpseq.db.txt,7lma_Telomerase.bpseq.db.txt,3.8461538461538463,"U,C,U,C,A,G,U,G","U,C,U,_,A,G,U,G"
1q75_Telomerase.bpseq.db.txt,7lmb_Telomerase.bpseq.db.txt,3.3112582781456954,"C,U,C,U,C,A,G,U,G,A,G,C,C","C,U,G,U,C,A,U,U,C,A,A,C,C"
1q75_Telomerase.bpseq.db.txt,7qxa_Telomerase.bpseq.db.txt,3.5573122529644268,"G,G,C,U,C,U,C,A,G,U,G,A,G,C,C","G,G,C,U,C,U,_,_,G,U,C,A,G,C,C"
1q75_Telomerase.bpseq.db.txt,7qxb_Telomerase.bpseq.db.txt,3.515625,"G,G,C,U,C,U,C,A,G,U,G,A,G,C,C","G,G,C,U,C,U,_,_,G,U,C,A,G,C,C"
1q75_Telomerase.bpseq.db.txt,7trd_Telomerase.bpseq.db.txt,4.147465437788019,"G,G,C,U,C,U,C,A,G,U,G,A,G,C,C","G,G,C,U,C,U,_,_,G,U,C,A,G,C,C"
1q75_Telomerase.bpseq.db.txt,7tre_Telomerase.bpseq.db.txt,4.147465437788019,"G,G,C,U,C,U,C,A,G,U,G,A,G,C,C","G,G,C,U,C,U,_,_,G,U,C,A,G,C,C"
1q75_Telomerase.bpseq.db.txt,7trf_Telomerase.bpseq.db.txt,4.147465437788019,"G,G,C,U,C,U,C,A,G,U,G,A,G,C,C","G,G,C,U,C,U,_,_,G,U,C,A,G,C,C"
1q75_Telomerase.bpseq.db.txt,7uy5_Telomerase.bpseq.db.txt,3.8461538461538463,"U,C,U,C,A,G,U,G","U,C,U,_,A,G,U,G"
1q75_Telomerase.bpseq.db.txt,7uy6_Telomerase.bpseq.db.txt,3.8461538461538463,"U,C,U,C,A,G,U,G","U,C,U,_,A,G,U,G"
1q75_Telomerase.bpseq.db.txt,7v99_Telomerase.bpseq.db.txt,3.7037037037037037,"G,G,C,U,C,U,C,A,G,U,G,A,G,C,C","G,G,C,U,C,U,_,_,G,U,C,A,G,C,C"
1q75_Telomerase.bpseq.db.txt,7v9a_Telomerase.bpseq.db.txt,4.109589041095891,"G,G,_,C,U,C,U,C,A,G,U,G,A,G,C,C","G,G,C,C,U,U,U,C,A,G,_,G,_,_,C,C"
1q75_Telomerase.bpseq.db.txt,8gap_Telomerase.bpseq.db.txt,3.7735849056603774,"U,C,U,C,A,G,U,G","U,C,U,_,A,G,U,G"
1ymo_Telomerase.bpseq.db.txt,2fey_Telomerase.bpseq.db.txt,12.76595744680851,"U,U,U,U,C,U,_,C,G,C,U,G,A,C,U,U,_,U,C,A","U,U,U,G,A,U,A,C,A,C,U,_,A,U,U,U,A,U,C,A"
1ymo_Telomerase.bpseq.db.txt,2k95_Telomerase.bpseq.db.txt,95.83333333333333,"G,G,G,C,U,G,U,U,U,U,U,C,U,C,G,C,U,G,A,C,U,U,U,C,A,G,C,C,C,C,A,A,A,C,A,A,A,A,A,A,_,G,U,C,A,G,C,A","G,G,G,C,U,G,U,U,U,U,U,C,U,C,G,C,U,G,A,C,U,U,U,C,A,G,C,C,C,C,A,A,A,C,A,A,A,A,A,A,U,G,U,C,A,G,C,A"
1ymo_Telomerase.bpseq.db.txt,2mhi_Telomerase.bpseq.db.txt,15.09433962264151,"G,U,U,U,U,U,C,U,C,_,G,C,U,G,A,C,U,U,U,C","G,U,U,C,G,U,C,U,C,U,G,U,U,G,_,_,U,U,U,C"
1ymo_Telomerase.bpseq.db.txt,2qh2_Telomerase.bpseq.db.txt,12.76595744680851,"C,U,G,A,_,C,U,_,U,_,U,C,A,G,C,C,C,C","C,U,G,A,G,C,U,G,U,G,G,C,A,_,C,U,C,C"
1ymo_Telomerase.bpseq.db.txt,5kmz_Telomerase.bpseq.db.txt,17.02127659574468,"A,C,U,U,U,C,A,G,C,C,C,C,A,A,_,_,A,_,_,_,_,C,A,A,A,A,A,A,G,U","A,C,C,U,U,C,A,_,C,C,_,_,A,A,U,U,A,G,G,U,U,C,A,A,A,U,A,A,G,U"
1ymo_Telomerase.bpseq.db.txt,5kqe_Telomerase.bpseq.db.txt,19.148936170212767,"G,G,G,C,U,G,U,U,U,U,U,C,U,C,G,_,C,U,G,A,C,U,U,U,C,A,G,C,C,C,C,A,A,A,C,A,A,A,A","G,G,G,_,U,G,U,A,C,U,U,A,A,C,G,U,U,U,G,_,C,U,U,_,C,G,G,C,_,_,_,A,A,A,C,U,A,C,A"
1ymo_Telomerase.bpseq.db.txt,7lma_Telomerase.bpseq.db.txt,8.333333333333334,"C,U,G,A,C,U,U,U,C,A,G,C,C,C,C,A,A,A,C,A,A,A,A,A,A,G,U,_,C,A,G,C,A","C,U,G,U,C,A,U,U,C,A,A,C,C,C,C,A,A,A,_,A,A,U,C,U,A,G,U,G,C,U,G,_,A"
1ymo_Telomerase.bpseq.db.txt,7lmb_Telomerase.bpseq.db.txt,7.947019867549669,"C,U,G,A,C,U,U,U,C,A,G,C,C,C,C,A,A,A,C,A","C,U,G,U,C,A,U,U,C,A,A,C,C,C,C,A,A,A,_,A"
1ymo_Telomerase.bpseq.db.txt,7qxa_Telomerase.bpseq.db.txt,9.881422924901186,"G,C,U,G,U,U,U,U,U,C,U,C,G,C,U,G,A,C,U,U,U,C,A,G,C","G,C,U,G,U,U,U,U,U,C,U,C,G,C,U,G,A,C,U,U,U,C,A,G,C"
1ymo_Telomerase.bpseq.db.txt,7qxb_Telomerase.bpseq.db.txt,9.765625,"G,C,U,G,U,U,U,U,U,C,U,C,G,C,U,G,A,C,U,U,U,C,A,G,C","G,C,U,G,U,U,U,U,U,C,U,C,G,C,U,G,A,C,U,U,U,C,A,G,C"
1ymo_Telomerase.bpseq.db.txt,7trd_Telomerase.bpseq.db.txt,11.52073732718894,"G,C,U,G,U,U,U,U,U,C,U,C,G,C,U,G,A,C,U,U,U,C,A,G,C","G,C,U,G,U,U,U,U,U,C,U,C,G,C,U,G,A,C,U,U,U,C,A,G,C"
1ymo_Telomerase.bpseq.db.txt,7tre_Telomerase.bpseq.db.txt,11.52073732718894,"G,C,U,G,U,U,U,U,U,C,U,C,G,C,U,G,A,C,U,U,U,C,A,G,C","G,C,U,G,U,U,U,U,U,C,U,C,G,C,U,G,A,C,U,U,U,C,A,G,C"
1ymo_Telomerase.bpseq.db.txt,7trf_Telomerase.bpseq.db.txt,11.52073732718894,"G,C,U,G,U,U,U,U,U,C,U,C,G,C,U,G,A,C,U,U,U,C,A,G,C","G,C,U,G,U,U,U,U,U,C,U,C,G,C,U,G,A,C,U,U,U,C,A,G,C"
1ymo_Telomerase.bpseq.db.txt,7uy5_Telomerase.bpseq.db.txt,8.333333333333334,"C,U,G,A,C,U,U,U,C,A,G,C,C,C,C,A,A,A,C,A,A,A,A,A,A,G,U,_,C,A,G,C,A","C,U,G,U,C,A,U,U,C,A,A,C,C,C,C,A,A,A,_,A,A,U,C,U,A,G,U,G,C,U,G,_,A"
1ymo_Telomerase.bpseq.db.txt,7uy6_Telomerase.bpseq.db.txt,8.333333333333334,"C,U,G,A,C,U,U,U,C,A,G,C,C,C,C,A,A,A,C,A,A,A,A,A,A,G,U,_,C,A,G,C,A","C,U,G,U,C,A,U,U,C,A,A,C,C,C,C,A,A,A,_,A,A,U,C,U,A,G,U,G,C,U,G,_,A"
1ymo_Telomerase.bpseq.db.txt,7v99_Telomerase.bpseq.db.txt,10.2880658436214,"G,C,U,G,U,U,U,U,U,C,U,C,G,C,U,G,A,C,U,U,U,C,A,G,C","G,C,U,G,U,U,U,U,U,C,U,C,G,C,U,G,A,C,U,U,U,C,A,G,C"
1ymo_Telomerase.bpseq.db.txt,7v9a_Telomerase.bpseq.db.txt,6.8493150684931505,"C,U,U,U,C,A,_,G,C,C,C,C,A,_,_,A,A,C,A,A,A,A,A,A,G,U,C,A,G,C,_,A","C,U,U,U,C,A,G,G,C,C,G,C,A,G,G,A,A,G,A,G,G,A,A,C,G,G,_,A,G,C,G,A"
1ymo_Telomerase.bpseq.db.txt,8gap_Telomerase.bpseq.db.txt,8.176100628930818,"C,U,G,A,C,U,U,U,C,A,G,C,C,C,C,A,A,A,C,A,A,A,A,A,A,G,U,_,C,A,G,C,A","C,U,G,U,C,A,U,U,C,A,A,C,C,C,C,A,A,A,_,A,A,U,C,U,A,G,U,G,C,U,G,_,A"
2fey_Telomerase.bpseq.db.txt,2k95_Telomerase.bpseq.db.txt,12.5,"C,U,A,U,U,U,A,U,C,A,A,U,G,G,A,U,G,U,C,U","C,U,G,U,U,U,U,U,C,_,_,U,C,G,C,U,G,A,C,U"
2fey_Telomerase.bpseq.db.txt,2mhi_Telomerase.bpseq.db.txt,11.320754716981131,"A,A,U,G,_,G,A,U,_,G,U,C,U,C","A,A,_,G,A,G,U,U,C,G,U,C,U,C"
2fey_Telomerase.bpseq.db.txt,2qh2_Telomerase.bpseq.db.txt,11.627906976744185,"G,G,A,_,U,G,U,C,U","G,G,A,G,U,G,C,C,U"
2fey_Telomerase.bpseq.db.txt,5kmz_Telomerase.bpseq.db.txt,16.27906976744186,"C,U,A,U,C,G,A,_,C,_,A,U,U,U,G,A,U,A,C,A,C,U,A,U,U,U,A,U,C,A,A,_,U,G,G,A,U","C,U,_,U,C,_,A,C,C,A,A,U,U,A,G,G,U,U,C,A,_,_,A,_,_,_,A,U,_,A,A,G,U,G,G,_,U"
2fey_Telomerase.bpseq.db.txt,5kqe_Telomerase.bpseq.db.txt,13.953488372093023,"A,C,U,A,U,C,G,A,C,A,U,U,U,G,A,U,A,C,_,A,C,U,A,U,U,U,A,U,C,A,A,U","A,C,U,_,U,A,_,A,C,G,U,U,U,G,C,U,U,C,G,G,C,A,A,A,C,U,A,_,C,A,_,U"
2fey_Telomerase.bpseq.db.txt,7lma_Telomerase.bpseq.db.txt,26.28205128205128,"A,G,A,C,U,A,U,C,G,A,C,A,U,U,U,G,A,U,A,C,A,C,U,A,U,U,U,A,U,C,A,A,U,G,G,A,U,G,U,C,U","A,G,A,C,U,A,U,C,G,A,C,A,U,U,U,G,A,U,A,C,A,C,U,A,U,U,U,A,U,C,A,A,U,G,G,A,U,G,U,C,U"
2fey_Telomerase.bpseq.db.txt,7lmb_Telomerase.bpseq.db.txt,27.1523178807947,"A,G,A,C,U,A,U,C,G,A,C,A,U,U,U,G,A,U,A,C,A,C,U,A,U,U,U,A,U,C,A,A,U,G,G,A,U,G,U,C,U","A,G,A,C,U,A,U,C,G,A,C,A,U,U,U,G,A,U,A,C,A,C,U,A,U,U,U,A,U,C,A,A,U,G,G,A,U,G,U,C,U"
2fey_Telomerase.bpseq.db.txt,7qxa_Telomerase.bpseq.db.txt,2.3715415019762847,"C,U,A,U,U,U,A,U,C,A,A,U,G,G,A,U,G,U,C,U","C,U,G,U,U,U,U,U,C,_,_,U,C,G,C,U,G,A,C,U"
2fey_Telomerase.bpseq.db.txt,7qxb_Telomerase.bpseq.db.txt,2.34375,"C,U,A,U,U,U,A,U,C,A,A,U,G,G,A,U,G,U,C,U","C,U,G,U,U,U,U,U,C,_,_,U,C,G,C,U,G,A,C,U"
2fey_Telomerase.bpseq.db.txt,7trd_Telomerase.bpseq.db.txt,2.7649769585253456,"C,U,A,U,U,U,A,U,C,A,A,U,G,G,A,U,G,U,C,U","C,U,G,U,U,U,U,U,C,_,_,U,C,G,C,U,G,A,C,U"
2fey_Telomerase.bpseq.db.txt,7tre_Telomerase.bpseq.db.txt,2.7649769585253456,"C,U,A,U,U,U,A,U,C,A,A,U,G,G,A,U,G,U,C,U","C,U,G,U,U,U,U,U,C,_,_,U,C,G,C,U,G,A,C,U"
2fey_Telomerase.bpseq.db.txt,7trf_Telomerase.bpseq.db.txt,2.7649769585253456,"C,U,A,U,U,U,A,U,C,A,A,U,G,G,A,U,G,U,C,U","C,U,G,U,U,U,U,U,C,_,_,U,C,G,C,U,G,A,C,U"
2fey_Telomerase.bpseq.db.txt,7uy5_Telomerase.bpseq.db.txt,26.28205128205128,"A,G,A,C,U,A,U,C,G,A,C,A,U,U,U,G,A,U,A,C,A,C,U,A,U,U,U,A,U,C,A,A,U,G,G,A,U,G,U,C,U","A,G,A,C,U,A,U,C,G,A,C,A,U,U,U,G,A,U,A,C,A,C,U,A,U,U,U,A,U,C,A,A,U,G,G,A,U,G,U,C,U"
2fey_Telomerase.bpseq.db.txt,7uy6_Telomerase.bpseq.db.txt,26.28205128205128,"A,G,A,C,U,A,U,C,G,A,C,A,U,U,U,G,A,U,A,C,A,C,U,A,U,U,U,A,U,C,A,A,U,G,G,A,U,G,U,C,U","A,G,A,C,U,A,U,C,G,A,C,A,U,U,U,G,A,U,A,C,A,C,U,A,U,U,U,A,U,C,A,A,U,G,G,A,U,G,U,C,U"
2fey_Telomerase.bpseq.db.txt,7v99_Telomerase.bpseq.db.txt,2.4691358024691357,"C,U,A,U,U,U,A,U,C,A,A,U,G,G,A,U,G,U,C,U","C,U,G,U,U,U,U,U,C,_,_,U,C,G,C,U,G,A,C,U"
2fey_Telomerase.bpseq.db.txt,7v9a_Telomerase.bpseq.db.txt,4.109589041095891,"G,A,C,A,U,U,U,G,A,U,_,A,C,A,C,U,A,U","G,A,C,_,U,C,G,G,C,U,C,A,C,A,C,_,A,U"
2fey_Telomerase.bpseq.db.txt,8gap_Telomerase.bpseq.db.txt,25.78616352201258,"A,G,A,C,U,A,U,C,G,A,C,A,U,U,U,G,A,U,A,C,A,C,U,A,U,U,U,A,U,C,A,A,U,G,G,A,U,G,U,C,U","A,G,A,C,U,A,U,C,G,A,C,A,U,U,U,G,A,U,A,C,A,C,U,A,U,U,U,A,U,C,A,A,U,G,G,A,U,G,U,C,U"
2k95_Telomerase.bpseq.db.txt,2mhi_Telomerase.bpseq.db.txt,15.09433962264151,"G,U,U,U,U,U,C,U,C,_,G,C,U,G,A,C,U,U,U,C","G,U,U,C,G,U,C,U,C,U,G,U,U,G,_,_,U,U,U,C"
2k95_Telomerase.bpseq.db.txt,2qh2_Telomerase.bpseq.db.txt,12.5,"C,U,G,A,_,C,U,_,U,_,U,C,A,G,C,C,C,C","C,U,G,A,G,C,U,G,U,G,G,C,A,_,C,U,C,C"
2k95_Telomerase.bpseq.db.txt,5kmz_Telomerase.bpseq.db.txt,14.583333333333334,"A,C,U,U,U,C,A,G,C,C,C,C,A,A,_,_,A,_,_,_,_,C,A,A,A,_,A,A,A,U,_,G,U","A,C,C,U,U,C,A,_,C,C,_,_,A,A,U,U,A,G,G,U,U,C,A,A,A,U,A,A,G,U,G,G,U"
2k95_Telomerase.bpseq.db.txt,5kqe_Telomerase.bpseq.db.txt,18.75,"G,G,G,C,U,G,U,U,U,U,U,C,U,C,G,_,C,U,G,A,C,U,U,U,C,A,G,C,C,C,C,A,A,A,C,A,A,A,A","G,G,G,_,U,G,U,A,C,U,U,A,A,C,G,U,U,U,G,_,C,U,U,_,C,G,G,C,_,_,_,A,A,A,C,U,A,C,A"
2k95_Telomerase.bpseq.db.txt,7lma_Telomerase.bpseq.db.txt,8.333333333333334,"C,U,G,A,C,U,U,U,C,A,G,C,C,C,C,A,A,A,C,A,A","C,U,G,U,C,A,U,U,C,A,A,C,C,C,C,A,A,A,_,A,A"
2k95_Telomerase.bpseq.db.txt,7lmb_Telomerase.bpseq.db.txt,7.947019867549669,"C,U,G,A,C,U,U,U,C,A,G,C,C,C,C,A,A,A,C,A","C,U,G,U,C,A,U,U,C,A,A,C,C,C,C,A,A,A,_,A"
2k95_Telomerase.bpseq.db.txt,7qxa_Telomerase.bpseq.db.txt,9.881422924901186,"G,C,U,G,U,U,U,U,U,C,U,C,G,C,U,G,A,C,U,U,U,C,A,G,C","G,C,U,G,U,U,U,U,U,C,U,C,G,C,U,G,A,C,U,U,U,C,A,G,C"
2k95_Telomerase.bpseq.db.txt,7qxb_Telomerase.bpseq.db.txt,9.765625,"G,C,U,G,U,U,U,U,U,C,U,C,G,C,U,G,A,C,U,U,U,C,A,G,C","G,C,U,G,U,U,U,U,U,C,U,C,G,C,U,G,A,C,U,U,U,C,A,G,C"
2k95_Telomerase.bpseq.db.txt,7trd_Telomerase.bpseq.db.txt,11.52073732718894,"G,C,U,G,U,U,U,U,U,C,U,C,G,C,U,G,A,C,U,U,U,C,A,G,C","G,C,U,G,U,U,U,U,U,C,U,C,G,C,U,G,A,C,U,U,U,C,A,G,C"
2k95_Telomerase.bpseq.db.txt,7tre_Telomerase.bpseq.db.txt,11.52073732718894,"G,C,U,G,U,U,U,U,U,C,U,C,G,C,U,G,A,C,U,U,U,C,A,G,C","G,C,U,G,U,U,U,U,U,C,U,C,G,C,U,G,A,C,U,U,U,C,A,G,C"
2k95_Telomerase.bpseq.db.txt,7trf_Telomerase.bpseq.db.txt,11.52073732718894,"G,C,U,G,U,U,U,U,U,C,U,C,G,C,U,G,A,C,U,U,U,C,A,G,C","G,C,U,G,U,U,U,U,U,C,U,C,G,C,U,G,A,C,U,U,U,C,A,G,C"
2k95_Telomerase.bpseq.db.txt,7uy5_Telomerase.bpseq.db.txt,8.333333333333334,"C,U,G,A,C,U,U,U,C,A,G,C,C,C,C,A,A,A,C,A,A","C,U,G,U,C,A,U,U,C,A,A,C,C,C,C,A,A,A,_,A,A"
2k95_Telomerase.bpseq.db.txt,7uy6_Telomerase.bpseq.db.txt,8.333333333333334,"C,U,G,A,C,U,U,U,C,A,G,C,C,C,C,A,A,A,C,A,A","C,U,G,U,C,A,U,U,C,A,A,C,C,C,C,A,A,A,_,A,A"
2k95_Telomerase.bpseq.db.txt,7v99_Telomerase.bpseq.db.txt,10.2880658436214,"G,C,U,G,U,U,U,U,U,C,U,C,G,C,U,G,A,C,U,U,U,C,A,G,C","G,C,U,G,U,U,U,U,U,C,U,C,G,C,U,G,A,C,U,U,U,C,A,G,C"
2k95_Telomerase.bpseq.db.txt,7v9a_Telomerase.bpseq.db.txt,6.164383561643835,"C,U,U,U,C,A,_,G,C,C,C,C,A,_,_,A,A,C,A,A,A,A,A,A,U,G,U,C,A,G,C,_,A","C,U,U,U,C,A,G,G,C,C,G,C,A,G,G,A,A,G,A,G,G,A,A,C,G,G,_,_,A,G,C,G,A"
2k95_Telomerase.bpseq.db.txt,8gap_Telomerase.bpseq.db.txt,8.176100628930818,"C,U,G,A,C,U,U,U,C,A,G,C,C,C,C,A,A,A,C,A,A","C,U,G,U,C,A,U,U,C,A,A,C,C,C,C,A,A,A,_,A,A"
2mhi_Telomerase.bpseq.db.txt,2qh2_Telomerase.bpseq.db.txt,11.320754716981131,"C,U,C,G,_,G,C,U,G,C,U,G,C,G,A,A","C,U,_,G,A,G,C,U,G,_,U,G,_,G,C,A"
2mhi_Telomerase.bpseq.db.txt,5kmz_Telomerase.bpseq.db.txt,9.433962264150944,"A,G,A,G,U,U,C","A,G,_,G,U,U,C"
2mhi_Telomerase.bpseq.db.txt,5kqe_Telomerase.bpseq.db.txt,11.320754716981131,"G,C,U,G,C,U,G,C,G,A,A,G,A,G,U,U,C,G,U,C,U,C","G,C,U,U,C,G,G,C,_,A,A,_,A,C,U,A,C,A,U,C,_,C"
2mhi_Telomerase.bpseq.db.txt,7lma_Telomerase.bpseq.db.txt,5.128205128205129,"G,G,A,A,A,C,G,C,C,G,C,G,G,U,C,A,G,C,U,C,G,G,C,U,G,C,U,G,C,G,A,A,G,A,G,U,U,C,G,_,U,_,C,U,C,U,G,U,U,G,U,U,U,C","G,G,U,A,A,U,G,C,_,G,_,G,G,A,C,A,A,A,A,_,G,A,C,U,A,_,U,_,C,G,A,C,_,A,U,U,U,_,G,A,U,A,C,A,C,U,A,U,U,_,U,A,U,C"
2mhi_Telomerase.bpseq.db.txt,7lmb_Telomerase.bpseq.db.txt,5.298013245033113,"G,G,A,A,A,C,G,C,C,G,C,G,G,U,C,A,G,C,U,C,G,G,C,U,G,C,U,G,C,G,A,A,G,A,G,U,U,C,G,_,U,_,C,U,C,U,G,U,U,G,U,U,U,C","G,G,U,A,A,U,G,C,_,G,_,G,G,A,C,A,A,A,A,_,G,A,C,U,A,_,U,_,C,G,A,C,_,A,U,U,U,_,G,A,U,A,C,A,C,U,A,U,U,_,U,A,U,C"
2mhi_Telomerase.bpseq.db.txt,7qxa_Telomerase.bpseq.db.txt,6.719367588932807,"C,C,_,G,C,G,G,U,C,A,_,G,C,U,C,G,G,C,U,G,C,U,G,C,G,A,A,G,A,G,U,U,C,G,U,C,U,C,U,G,U","C,C,G,G,A,G,G,_,C,A,C,C,C,A,C,U,G,C,C,A,C,C,G,C,G,A,A,G,A,G,U,U,G,G,G,C,U,C,U,G,U"
2mhi_Telomerase.bpseq.db.txt,7qxb_Telomerase.bpseq.db.txt,6.640625,"C,C,_,G,C,G,G,U,C,A,_,G,C,U,C,G,G,C,U,G,C,U,G,C,G,A,A,G,A,G,U,U,C,G,U,C,U,C,U,G,U","C,C,G,G,A,G,G,_,C,A,C,C,C,A,C,U,G,C,C,A,C,C,G,C,G,A,A,G,A,G,U,U,G,G,G,C,U,C,U,G,U"
2mhi_Telomerase.bpseq.db.txt,7trd_Telomerase.bpseq.db.txt,7.8341013824884795,"C,C,_,G,C,G,G,U,C,A,_,G,C,U,C,G,G,C,U,G,C,U,G,C,G,A,A,G,A,G,U,U,C,G,U,C,U,C,U,G,U","C,C,G,G,A,G,G,_,C,A,C,C,C,A,C,U,G,C,C,A,C,C,G,C,G,A,A,G,A,G,U,U,G,G,G,C,U,C,U,G,U"
2mhi_Telomerase.bpseq.db.txt,7tre_Telomerase.bpseq.db.txt,7.8341013824884795,"C,C,_,G,C,G,G,U,C,A,_,G,C,U,C,G,G,C,U,G,C,U,G,C,G,A,A,G,A,G,U,U,C,G,U,C,U,C,U,G,U","C,C,G,G,A,G,G,_,C,A,C,C,C,A,C,U,G,C,C,A,C,C,G,C,G,A,A,G,A,G,U,U,G,G,G,C,U,C,U,G,U"
2mhi_Telomerase.bpseq.db.txt,7trf_Telomerase.bpseq.db.txt,7.8341013824884795,"C,C,_,G,C,G,G,U,C,A,_,G,C,U,C,G,G,C,U,G,C,U,G,C,G,A,A,G,A,G,U,U,C,G,U,C,U,C,U,G,U","C,C,G,G,A,G,G,_,C,A,C,C,C,A,C,U,G,C,C,A,C,C,G,C,G,A,A,G,A,G,U,U,G,G,G,C,U,C,U,G,U"
2mhi_Telomerase.bpseq.db.txt,7uy5_Telomerase.bpseq.db.txt,5.128205128205129,"G,G,A,A,A,C,G,C,C,G,C,G,G,U,C,A,G,C,U,C,G,G,C,U,G,C,U,G,C,G,A,A,G,A,G,U,U,C,G,_,U,_,C,U,C,U,G,U,U,G,U,U,U,C","G,G,U,A,A,U,G,C,_,G,_,G,G,A,C,A,A,A,A,_,G,A,C,U,A,_,U,_,C,G,A,C,_,A,U,U,U,_,G,A,U,A,C,A,C,U,A,U,U,_,U,A,U,C"
2mhi_Telomerase.bpseq.db.txt,7uy6_Telomerase.bpseq.db.txt,5.128205128205129,"G,G,A,A,A,C,G,C,C,G,C,G,G,U,C,A,G,C,U,C,G,G,C,U,G,C,U,G,C,G,A,A,G,A,G,U,U,C,G,_,U,_,C,U,C,U,G,U,U,G,U,U,U,C","G,G,U,A,A,U,G,C,_,G,_,G,G,A,C,A,A,A,A,_,G,A,C,U,A,_,U,_,C,G,A,C,_,A,U,U,U,_,G,A,U,A,C,A,C,U,A,U,U,_,U,A,U,C"
2mhi_Telomerase.bpseq.db.txt,7v99_Telomerase.bpseq.db.txt,6.995884773662551,"C,C,_,G,C,G,G,U,C,A,_,G,C,U,C,G,G,C,U,G,C,U,G,C,G,A,A,G,A,G,U,U,C,G,U,C,U,C,U,G,U","C,C,G,G,A,G,G,_,C,A,C,C,C,A,C,U,G,C,C,A,C,C,G,C,G,A,A,G,A,G,U,U,G,G,G,C,U,C,U,G,U"
2mhi_Telomerase.bpseq.db.txt,7v9a_Telomerase.bpseq.db.txt,10.95890410958904,"G,G,A,A,A,C,_,G,C,C,G,C,_,G,G,U,C,A,_,G,_,C,_,_,U,C,_,G,G,C,U,G,C,U,G,C,G,A,A,G,A,G","G,G,A,C,_,C,U,G,C,G,G,C,G,G,G,U,C,A,G,G,C,C,U,U,U,C,A,G,G,C,C,G,C,A,G,_,G,A,A,G,A,G"
2mhi_Telomerase.bpseq.db.txt,8gap_Telomerase.bpseq.db.txt,5.031446540880503,"G,G,A,A,A,C,G,C,C,G,C,G,G,U,C,A,G,C,U,C,G,G,C,U,G,C,U,G,C,G,A,A,G,A,G,U,U,C,G,_,U,_,C,U,C,U,G,U,U,G,U,U,U,C","G,G,U,A,A,U,G,C,_,G,_,G,G,A,C,A,A,A,A,_,G,A,C,U,A,_,U,_,C,G,A,C,_,A,U,U,U,_,G,A,U,A,C,A,C,U,A,U,U,_,U,A,U,C"
2qh2_Telomerase.bpseq.db.txt,5kmz_Telomerase.bpseq.db.txt,12.903225806451612,"G,U,G,G","G,U,G,G"
2qh2_Telomerase.bpseq.db.txt,5kqe_Telomerase.bpseq.db.txt,16.666666666666668,"G,C,U,G,U,_,G,G,C,_,_,A,C,U,C,C","G,C,U,_,U,C,G,G,C,A,A,A,C,U,A,C"
2qh2_Telomerase.bpseq.db.txt,7lma_Telomerase.bpseq.db.txt,4.487179487179487,"A,G,U,G,C,C,U,G,A","A,G,U,G,C,_,U,G,A"
2qh2_Telomerase.bpseq.db.txt,7lmb_Telomerase.bpseq.db.txt,4.635761589403973,"A,G,U,G,C,C,U,G,A","A,G,U,G,C,_,U,G,A"
2qh2_Telomerase.bpseq.db.txt,7qxa_Telomerase.bpseq.db.txt,3.1620553359683794,"G,A,G,_,U,_,_,G,C,_,C,U,G,_,_,A,G,C,U,G,U,G,G,C,A,C,U,C,_,C","G,A,G,U,U,G,G,G,C,U,C,U,G,U,C,A,G,C,C,G,C,G,G,G,U,C,U,C,U,C"
2qh2_Telomerase.bpseq.db.txt,7qxb_Telomerase.bpseq.db.txt,3.125,"G,A,G,_,U,_,_,G,C,_,C,U,G,_,_,A,G,C,U,G,U,G,G,C,A,C,U,C,_,C","G,A,G,U,U,G,G,G,C,U,C,U,G,U,C,A,G,C,C,G,C,G,G,G,U,C,U,C,U,C"
2qh2_Telomerase.bpseq.db.txt,7trd_Telomerase.bpseq.db.txt,3.686635944700461,"G,C,C,U,_,G,A,G,_,C,U,G,U,G,G,C,A,C,_,U,C,C","G,C,C,U,C,G,_,G,C,C,U,G,C,C,G,C,_,C,U,U,C,C"
2qh2_Telomerase.bpseq.db.txt,7tre_Telomerase.bpseq.db.txt,3.686635944700461,"G,C,C,U,_,G,A,G,_,C,U,G,U,G,G,C,A,C,_,U,C,C","G,C,C,U,C,G,_,G,C,C,U,G,C,C,G,C,_,C,U,U,C,C"
2qh2_Telomerase.bpseq.db.txt,7trf_Telomerase.bpseq.db.txt,3.686635944700461,"G,C,C,U,_,G,A,G,_,C,U,G,U,G,G,C,A,C,_,U,C,C","G,C,C,U,C,G,_,G,C,C,U,G,C,C,G,C,_,C,U,U,C,C"
2qh2_Telomerase.bpseq.db.txt,7uy5_Telomerase.bpseq.db.txt,4.487179487179487,"A,G,U,G,C,C,U,G,A","A,G,U,G,C,_,U,G,A"
2qh2_Telomerase.bpseq.db.txt,7uy6_Telomerase.bpseq.db.txt,4.487179487179487,"A,G,U,G,C,C,U,G,A","A,G,U,G,C,_,U,G,A"
2qh2_Telomerase.bpseq.db.txt,7v99_Telomerase.bpseq.db.txt,3.7037037037037037,"A,G,C,U,G,_,U,G,G,C,A,C,U,C,C","A,G,C,U,G,C,U,G,G,C,C,C,_,C,C"
2qh2_Telomerase.bpseq.db.txt,7v9a_Telomerase.bpseq.db.txt,9.58904109589041,"G,A,G,U,G,C,C,U,G,A,G,C,U,G,U,G,G,C,A,C,_,U,_,C,_,C","G,A,U,U,C,C,C,U,G,A,G,C,U,G,U,G,G,G,A,C,G,U,G,C,A,C"
2qh2_Telomerase.bpseq.db.txt,8gap_Telomerase.bpseq.db.txt,4.40251572327044,"A,G,U,G,C,C,U,G,A","A,G,U,G,C,_,U,G,A"
5kmz_Telomerase.bpseq.db.txt,5kqe_Telomerase.bpseq.db.txt,16.666666666666668,"U,U,A,G,G,U,U,C,A,A,A,_,U,A,_,A,G,U","U,U,C,G,G,_,_,C,A,A,A,C,U,A,C,A,_,U"
5kmz_Telomerase.bpseq.db.txt,7lma_Telomerase.bpseq.db.txt,19.871794871794872,"A,A,C,C,U,U,C,A,C,C,A,A,U,U,A,G,G,U,U,C,A,A,A,U,A,A,G,U,G,G,U","A,A,C,C,U,U,C,A,C,C,A,A,U,U,A,G,G,U,U,C,A,A,A,U,A,A,G,U,G,G,U"
5kmz_Telomerase.bpseq.db.txt,7lmb_Telomerase.bpseq.db.txt,20.52980132450331,"A,A,C,C,U,U,C,A,C,C,A,A,U,U,A,G,G,U,U,C,A,A,A,U,A,A,G,U,G,G,U","A,A,C,C,U,U,C,A,C,C,A,A,U,U,A,G,G,U,U,C,A,A,A,U,A,A,G,U,G,G,U"
5kmz_Telomerase.bpseq.db.txt,7qxa_Telomerase.bpseq.db.txt,2.3715415019762847,"C,A,A,A,U,A,A,G,U,G,G,U","C,A,A,A,A,A,A,_,U,G,_,U"
5kmz_Telomerase.bpseq.db.txt,7qxb_Telomerase.bpseq.db.txt,2.734375,"C,C,U,U,_,C,_,A,C,C,A,A,U,U,A,G,G,U,U,C,A,A,A,U,A,A,G,U,G,G,U","C,C,U,U,C,C,G,A,G,C,A,A,_,_,A,_,_,_,_,C,A,A,A,A,A,A,_,U,G,_,U"
5kmz_Telomerase.bpseq.db.txt,7trd_Telomerase.bpseq.db.txt,3.225806451612903,"C,C,U,U,_,C,_,A,C,C,A,A,U,U,A,G,G,U,U,C,A,A,A,U,A,A,G,U,G,G,U","C,C,U,U,C,C,G,A,G,C,A,A,_,_,A,_,_,_,_,C,A,A,A,A,A,A,_,U,G,_,U"
5kmz_Telomerase.bpseq.db.txt,7tre_Telomerase.bpseq.db.txt,3.225806451612903,"C,C,U,U,_,C,_,A,C,C,A,A,U,U,A,G,G,U,U,C,A,A,A,U,A,A,G,U,G,G,U","C,C,U,U,C,C,G,A,G,C,A,A,_,_,A,_,_,_,_,C,A,A,A,A,A,A,_,U,G,_,U"
5kmz_Telomerase.bpseq.db.txt,7trf_Telomerase.bpseq.db.txt,3.225806451612903,"C,C,U,U,_,C,_,A,C,C,A,A,U,U,A,G,G,U,U,C,A,A,A,U,A,A,G,U,G,G,U","C,C,U,U,C,C,G,A,G,C,A,A,_,_,A,_,_,_,_,C,A,A,A,A,A,A,_,U,G,_,U"
5kmz_Telomerase.bpseq.db.txt,7uy5_Telomerase.bpseq.db.txt,19.871794871794872,"A,A,C,C,U,U,C,A,C,C,A,A,U,U,A,G,G,U,U,C,A,A,A,U,A,A,G,U,G,G,U","A,A,C,C,U,U,C,A,C,C,A,A,U,U,A,G,G,U,U,C,A,A,A,U,A,A,G,U,G,G,U"
5kmz_Telomerase.bpseq.db.txt,7uy6_Telomerase.bpseq.db.txt,19.871794871794872,"A,A,C,C,U,U,C,A,C,C,A,A,U,U,A,G,G,U,U,C,A,A,A,U,A,A,G,U,G,G,U","A,A,C,C,U,U,C,A,C,C,A,A,U,U,A,G,G,U,U,C,A,A,A,U,A,A,G,U,G,G,U"
5kmz_Telomerase.bpseq.db.txt,7v99_Telomerase.bpseq.db.txt,2.880658436213992,"C,C,U,U,C,A,C,C,A,A,U,U,A,G,G,U,U,C,A,A,A,U,A,A,G,U,G,G,U","C,C,U,U,G,A,G,C,A,A,_,_,A,_,_,_,_,C,A,A,A,A,A,A,_,U,G,_,U"
5kmz_Telomerase.bpseq.db.txt,7v9a_Telomerase.bpseq.db.txt,5.47945205479452,"A,C,C,U,U,C,A,_,C,C,A,_,_,A,U,U,A,G,G,U,U,C,A,_,A,_,A,U","A,C,G,U,G,C,A,C,C,C,A,G,G,A,C,U,C,G,G,C,U,C,A,C,A,C,A,U"
5kmz_Telomerase.bpseq.db.txt,8gap_Telomerase.bpseq.db.txt,19.49685534591195,"A,A,C,C,U,U,C,A,C,C,A,A,U,U,A,G,G,U,U,C,A,A,A,U,A,A,G,U,G,G,U","A,A,C,C,U,U,C,A,C,C,A,A,U,U,A,G,G,U,U,C,A,A,A,U,A,A,G,U,G,G,U"
5kqe_Telomerase.bpseq.db.txt,7lma_Telomerase.bpseq.db.txt,5.769230769230769,"G,G,U,G,U,_,A,C,U,U,A,A,C,G,U,_,_,U,_,_,U,G,C,U,U,C,G,G,_,C,A,A,A,C,U,A,C,_,A,U,C","G,G,U,_,U,C,A,A,A,U,A,A,_,G,U,G,G,U,A,A,U,G,C,G,_,_,G,G,A,C,A,A,A,A,G,A,C,U,A,U,C"
5kqe_Telomerase.bpseq.db.txt,7lmb_Telomerase.bpseq.db.txt,5.960264900662252,"G,G,U,G,U,_,A,C,U,U,A,A,C,G,U,_,_,U,_,_,U,G,C,U,U,C,G,G,_,C,A,A,A,C,U,A,C,_,A,U,C","G,G,U,_,U,C,A,A,A,U,A,A,_,G,U,G,G,U,A,A,U,G,C,G,_,_,G,G,A,C,A,A,A,A,G,A,C,U,A,U,C"
5kqe_Telomerase.bpseq.db.txt,7qxa_Telomerase.bpseq.db.txt,2.766798418972332,"G,C,U,U,C,G,_,G,C,A,A,A,C,U,A,C,A","G,C,C,U,_,G,A,G,C,A,A,A,C,A,A,A,A"
5kqe_Telomerase.bpseq.db.txt,7qxb_Telomerase.bpseq.db.txt,3.515625,"C,U,U,_,C,G,_,G,C,A,A,A,C,U,A,C,A","C,U,U,C,C,G,A,G,C,A,A,A,C,A,A,A,A"
5kqe_Telomerase.bpseq.db.txt,7trd_Telomerase.bpseq.db.txt,4.147465437788019,"C,U,U,_,C,G,_,G,C,A,A,A,C,U,A,C,A","C,U,U,C,C,G,A,G,C,A,A,A,C,A,A,A,A"
5kqe_Telomerase.bpseq.db.txt,7tre_Telomerase.bpseq.db.txt,4.147465437788019,"C,U,U,_,C,G,_,G,C,A,A,A,C,U,A,C,A","C,U,U,C,C,G,A,G,C,A,A,A,C,A,A,A,A"
5kqe_Telomerase.bpseq.db.txt,7trf_Telomerase.bpseq.db.txt,4.147465437788019,"C,U,U,_,C,G,_,G,C,A,A,A,C,U,A,C,A","C,U,U,C,C,G,A,G,C,A,A,A,C,A,A,A,A"
5kqe_Telomerase.bpseq.db.txt,7uy5_Telomerase.bpseq.db.txt,5.769230769230769,"G,G,U,G,U,_,A,C,U,U,A,A,C,G,U,_,_,U,_,_,U,G,C,U,U,C,G,G,_,C,A,A,A,C,U,A,C,_,A,U,C","G,G,U,_,U,C,A,A,A,U,A,A,_,G,U,G,G,U,A,A,U,G,C,G,_,_,G,G,A,C,A,A,A,A,G,A,C,U,A,U,C"
5kqe_Telomerase.bpseq.db.txt,7uy6_Telomerase.bpseq.db.txt,5.769230769230769,"G,G,U,G,U,_,A,C,U,U,A,A,C,G,U,_,_,U,_,_,U,G,C,U,U,C,G,G,_,C,A,A,A,C,U,A,C,_,A,U,C","G,G,U,_,U,C,A,A,A,U,A,A,_,G,U,G,G,U,A,A,U,G,C,G,_,_,G,G,A,C,A,A,A,A,G,A,C,U,A,U,C"
5kqe_Telomerase.bpseq.db.txt,7v99_Telomerase.bpseq.db.txt,3.292181069958848,"C,U,U,C,G,_,G,C,A,A,A,C,U,A,C,A","C,U,U,_,G,A,G,C,A,A,A,C,A,A,A,A"
5kqe_Telomerase.bpseq.db.txt,7v9a_Telomerase.bpseq.db.txt,5.47945205479452,"C,U,U,C,G,G,C,A,A,A,C,U,A,C,A,U,C,C","C,U,_,C,G,G,C,U,C,A,C,_,A,C,A,U,G,C"
5kqe_Telomerase.bpseq.db.txt,8gap_Telomerase.bpseq.db.txt,5.660377358490566,"G,G,U,G,U,_,A,C,U,U,A,A,C,G,U,_,_,U,_,_,U,G,C,U,U,C,G,G,_,C,A,A,A,C,U,A,C,_,A,U,C","G,G,U,_,U,C,A,A,A,U,A,A,_,G,U,G,G,U,A,A,U,G,C,G,_,_,G,G,A,C,A,A,A,A,G,A,C,U,A,U,C"
7lma_Telomerase.bpseq.db.txt,7lmb_Telomerase.bpseq.db.txt,93.58974358974359,"C,C,C,G,C,U,U,A,A,U,U,C,A,U,U,C,A,G,A,U,C,U,G,U,A,A,U,A,G,A,A,C,U,G,U,C,A,U,U,C,A,A,C,C,C,C,A,A,A,A,A,U,C,U,A,G,U,G,C,U,G,A,U,A,U,A,A,C,C,U,U,C,A,C,C,A,A,U,U,A,G,G,U,U,C,A,A,A,U,A,A,G,U,G,G,U,A,A,U,G,C,G,G,G,A,C,A,A,A,A,G,A,C,U,A,U,C,G,A,C,A,U,U,U,G,A,U,A,C,A,C,U,A,U,U,U,A,U,C,A,A,U,G,G,A,U,G,U,C,U,U,A,U,U,U,U","C,C,C,G,C,U,U,A,A,U,U,C,A,U,U,C,A,G,A,U,C,U,G,U,A,A,U,A,G,A,A,C,U,G,U,C,A,U,U,C,A,A,C,C,C,C,A,A,A,A,_,_,_,_,_,G,U,G,C,U,G,A,U,A,U,A,A,C,C,U,U,C,A,C,C,A,A,U,U,A,G,G,U,U,C,A,A,A,U,A,A,G,U,G,G,U,A,A,U,G,C,G,G,G,A,C,A,A,A,A,G,A,C,U,A,U,C,G,A,C,A,U,U,U,G,A,U,A,C,A,C,U,A,U,U,U,A,U,C,A,A,U,G,G,A,U,G,U,C,U,U,A,U,U,U,U"
7lma_Telomerase.bpseq.db.txt,7qxa_Telomerase.bpseq.db.txt,4.743083003952569,"C,A,A,C,C,C,C,A,A,A,A,A,U,C,U,_,A,G,_,U,G,C,U,G","C,A,A,A,C,A,_,A,A,A,A,A,U,G,U,C,A,G,C,U,G,C,U,G"
7lma_Telomerase.bpseq.db.txt,7qxb_Telomerase.bpseq.db.txt,4.6875,"C,A,A,C,C,C,C,A,A,A,A,A,U,C,U,_,A,G,_,U,G,C,U,G","C,A,A,A,C,A,_,A,A,A,A,A,U,G,U,C,A,G,C,U,G,C,U,G"
7lma_Telomerase.bpseq.db.txt,7trd_Telomerase.bpseq.db.txt,5.529953917050691,"C,A,A,C,C,C,C,A,A,A,A,A,U,C,U,_,A,G,_,U,G,C,U,G","C,A,A,A,C,A,_,A,A,A,A,A,U,G,U,C,A,G,C,U,G,C,U,G"
7lma_Telomerase.bpseq.db.txt,7tre_Telomerase.bpseq.db.txt,5.529953917050691,"C,A,A,C,C,C,C,A,A,A,A,A,U,C,U,_,A,G,_,U,G,C,U,G","C,A,A,A,C,A,_,A,A,A,A,A,U,G,U,C,A,G,C,U,G,C,U,G"
7lma_Telomerase.bpseq.db.txt,7trf_Telomerase.bpseq.db.txt,5.529953917050691,"C,A,A,C,C,C,C,A,A,A,A,A,U,C,U,_,A,G,_,U,G,C,U,G","C,A,A,A,C,A,_,A,A,A,A,A,U,G,U,C,A,G,C,U,G,C,U,G"
7lma_Telomerase.bpseq.db.txt,7uy5_Telomerase.bpseq.db.txt,100.0,"C,C,C,G,C,U,U,A,A,U,U,C,A,U,U,C,A,G,A,U,C,U,G,U,A,A,U,A,G,A,A,C,U,G,U,C,A,U,U,C,A,A,C,C,C,C,A,A,A,A,A,U,C,U,A,G,U,G,C,U,G,A,U,A,U,A,A,C,C,U,U,C,A,C,C,A,A,U,U,A,G,G,U,U,C,A,A,A,U,A,A,G,U,G,G,U,A,A,U,G,C,G,G,G,A,C,A,A,A,A,G,A,C,U,A,U,C,G,A,C,A,U,U,U,G,A,U,A,C,A,C,U,A,U,U,U,A,U,C,A,A,U,G,G,A,U,G,U,C,U,U,A,U,U,U,U","C,C,C,G,C,U,U,A,A,U,U,C,A,U,U,C,A,G,A,U,C,U,G,U,A,A,U,A,G,A,A,C,U,G,U,C,A,U,U,C,A,A,C,C,C,C,A,A,A,A,A,U,C,U,A,G,U,G,C,U,G,A,U,A,U,A,A,C,C,U,U,C,A,C,C,A,A,U,U,A,G,G,U,U,C,A,A,A,U,A,A,G,U,G,G,U,A,A,U,G,C,G,G,G,A,C,A,A,A,A,G,A,C,U,A,U,C,G,A,C,A,U,U,U,G,A,U,A,C,A,C,U,A,U,U,U,A,U,C,A,A,U,G,G,A,U,G,U,C,U,U,A,U,U,U,U"
7lma_Telomerase.bpseq.db.txt,7uy6_Telomerase.bpseq.db.txt,100.0,"C,C,C,G,C,U,U,A,A,U,U,C,A,U,U,C,A,G,A,U,C,U,G,U,A,A,U,A,G,A,A,C,U,G,U,C,A,U,U,C,A,A,C,C,C,C,A,A,A,A,A,U,C,U,A,G,U,G,C,U,G,A,U,A,U,A,A,C,C,U,U,C,A,C,C,A,A,U,U,A,G,G,U,U,C,A,A,A,U,A,A,G,U,G,G,U,A,A,U,G,C,G,G,G,A,C,A,A,A,A,G,A,C,U,A,U,C,G,A,C,A,U,U,U,G,A,U,A,C,A,C,U,A,U,U,U,A,U,C,A,A,U,G,G,A,U,G,U,C,U,U,A,U,U,U,U","C,C,C,G,C,U,U,A,A,U,U,C,A,U,U,C,A,G,A,U,C,U,G,U,A,A,U,A,G,A,A,C,U,G,U,C,A,U,U,C,A,A,C,C,C,C,A,A,A,A,A,U,C,U,A,G,U,G,C,U,G,A,U,A,U,A,A,C,C,U,U,C,A,C,C,A,A,U,U,A,G,G,U,U,C,A,A,A,U,A,A,G,U,G,G,U,A,A,U,G,C,G,G,G,A,C,A,A,A,A,G,A,C,U,A,U,C,G,A,C,A,U,U,U,G,A,U,A,C,A,C,U,A,U,U,U,A,U,C,A,A,U,G,G,A,U,G,U,C,U,U,A,U,U,U,U"
7lma_Telomerase.bpseq.db.txt,7v99_Telomerase.bpseq.db.txt,4.938271604938271,"C,A,A,C,C,C,C,A,A,A,A,A,U,C,U,_,A,G,_,U,G,C,U,G","C,A,A,A,C,A,_,A,A,A,A,A,U,G,U,C,A,G,C,U,G,C,U,G"
7lma_Telomerase.bpseq.db.txt,7v9a_Telomerase.bpseq.db.txt,6.410256410256411,"C,U,A,G,U,G,C,U,G,A,U,A,U,A,A,C,C,U,U,C,A,_,C,C,A,_,_,A,U,U,A,G,G,U,U,C,A,_,A,_,A,U","C,U,_,G,A,G,C,U,G,_,U,G,G,G,A,C,G,U,G,C,A,C,C,C,A,G,G,A,C,U,C,G,G,C,U,C,A,C,A,C,A,U"
7lma_Telomerase.bpseq.db.txt,8gap_Telomerase.bpseq.db.txt,98.11320754716981,"C,C,C,G,C,U,U,A,A,U,U,C,A,U,U,C,A,G,A,U,C,U,G,U,A,A,U,A,G,A,A,C,U,G,U,C,A,U,U,C,A,A,C,C,C,C,A,A,A,A,A,U,C,U,A,G,U,G,C,U,G,A,U,A,U,A,A,C,C,U,U,C,A,C,C,A,A,U,U,A,G,G,U,U,C,A,A,A,U,A,A,G,U,G,G,U,A,A,U,G,C,G,G,G,A,C,A,A,A,A,G,A,C,U,A,U,C,G,A,C,A,U,U,U,G,A,U,A,C,A,C,U,A,U,U,U,A,U,C,A,A,U,G,G,A,U,G,U,C,U,U,A,U,U,U,U","C,C,C,G,C,U,U,A,A,U,U,C,A,U,U,C,A,G,A,U,C,U,G,U,A,A,U,A,G,A,A,C,U,G,U,C,A,U,U,C,A,A,C,C,C,C,A,A,A,A,A,U,C,U,A,G,U,G,C,U,G,A,U,A,U,A,A,C,C,U,U,C,A,C,C,A,A,U,U,A,G,G,U,U,C,A,A,A,U,A,A,G,U,G,G,U,A,A,U,G,C,G,G,G,A,C,A,A,A,A,G,A,C,U,A,U,C,G,A,C,A,U,U,U,G,A,U,A,C,A,C,U,A,U,U,U,A,U,C,A,A,U,G,G,A,U,G,U,C,U,U,A,U,U,U,U"
7lmb_Telomerase.bpseq.db.txt,7qxa_Telomerase.bpseq.db.txt,3.5573122529644268,"G,C,G,G,G,A,C,_,_,A,A,A,A,G,A,C,U,A,U,C,G,A,C,A,U,U,U,G,A,U,A,C,A,C,U,_,A,U,U,U,A,U,C,A,A,U,G,G,A,U,G,U,C","G,C,G,G,G,_,C,G,G,A,A,A,A,G,C,C,U,_,_,C,G,G,C,C,U,_,_,G,C,C,G,C,_,C,U,G,A,G,C,A,A,A,C,A,A,A,A,A,A,U,G,U,C"
7lmb_Telomerase.bpseq.db.txt,7qxb_Telomerase.bpseq.db.txt,3.90625,"C,U,G,U,C,A,U,U,C,A,A,C,_,_,_,C,C,C,A,A,A,A,G,_,_,U,_,_,G,_,C,U,G,A,U,A,U,A,A,C,C,U,U,_,C,_,A,C,C,A,A,U,U,A,G,G,U,U,C,A,A,A,U,A,A,G,U,G,G,U,_,A,_,A,U,G,C,G,G,G,A,C","C,U,G,A,C,U,U,U,C,A,G,C,G,G,G,C,G,G,A,A,A,A,G,C,C,U,C,G,G,C,C,U,G,C,C,G,_,_,_,C,C,U,U,C,C,G,A,G,C,A,A,_,_,A,_,_,_,_,C,A,A,A,A,A,A,_,U,G,_,U,C,A,G,C,U,G,C,U,G,G,C,C"
7lmb_Telomerase.bpseq.db.txt,7trd_Telomerase.bpseq.db.txt,4.608294930875576,"C,U,G,U,C,A,U,U,C,A,A,C,_,_,_,C,C,C,A,A,A,A,G,_,_,U,_,_,G,_,C,U,G,A,U,A,U,A,A,C,C,U,U,_,C,_,A,C,C,A,A,U,U,A,G,G,U,U,C,A,A,A,U,A,A,G,U,G,G,U,_,A,_,A,U,G,C,G,G,G,A,C,A,A","C,U,G,A,C,U,U,U,C,A,G,C,G,G,G,C,G,G,A,A,A,A,G,C,C,U,C,G,G,C,C,U,G,C,C,G,_,_,_,C,C,U,U,C,C,G,A,G,C,A,A,_,_,A,_,_,_,_,C,A,A,A,A,A,A,_,U,G,_,U,C,A,G,C,U,G,C,U,G,G,C,C,G,A"
7lmb_Telomerase.bpseq.db.txt,7tre_Telomerase.bpseq.db.txt,4.608294930875576,"C,U,G,U,C,A,U,U,C,A,A,C,_,_,_,C,C,C,A,A,A,A,G,_,_,U,_,_,G,_,C,U,G,A,U,A,U,A,A,C,C,U,U,_,C,_,A,C,C,A,A,U,U,A,G,G,U,U,C,A,A,A,U,A,A,G,U,G,G,U,_,A,_,A,U,G,C,G,G,G,A,C,A,A","C,U,G,A,C,U,U,U,C,A,G,C,G,G,G,C,G,G,A,A,A,A,G,C,C,U,C,G,G,C,C,U,G,C,C,G,_,_,_,C,C,U,U,C,C,G,A,G,C,A,A,_,_,A,_,_,_,_,C,A,A,A,A,A,A,_,U,G,_,U,C,A,G,C,U,G,C,U,G,G,C,C,G,A"
7lmb_Telomerase.bpseq.db.txt,7trf_Telomerase.bpseq.db.txt,4.608294930875576,"C,U,G,U,C,A,U,U,C,A,A,C,_,_,_,C,C,C,A,A,A,A,G,_,_,U,_,_,G,_,C,U,G,A,U,A,U,A,A,C,C,U,U,_,C,_,A,C,C,A,A,U,U,A,G,G,U,U,C,A,A,A,U,A,A,G,U,G,G,U,_,A,_,A,U,G,C,G,G,G,A,C,A,A","C,U,G,A,C,U,U,U,C,A,G,C,G,G,G,C,G,G,A,A,A,A,G,C,C,U,C,G,G,C,C,U,G,C,C,G,_,_,_,C,C,U,U,C,C,G,A,G,C,A,A,_,_,A,_,_,_,_,C,A,A,A,A,A,A,_,U,G,_,U,C,A,G,C,U,G,C,U,G,G,C,C,G,A"
7lmb_Telomerase.bpseq.db.txt,7uy5_Telomerase.bpseq.db.txt,93.58974358974359,"C,C,C,G,C,U,U,A,A,U,U,C,A,U,U,C,A,G,A,U,C,U,G,U,A,A,U,A,G,A,A,C,U,G,U,C,A,U,U,C,A,A,C,C,C,C,_,_,A,A,A,_,_,_,A,G,U,G,C,U,G,A,U,A,U,A,A,C,C,U,U,C,A,C,C,A,A,U,U,A,G,G,U,U,C,A,A,A,U,A,A,G,U,G,G,U,A,A,U,G,C,G,G,G,A,C,A,A,A,A,G,A,C,U,A,U,C,G,A,C,A,U,U,U,G,A,U,A,C,A,C,U,A,U,U,U,A,U,C,A,A,U,G,G,A,U,G,U,C,U,U,A,U,U,U,U","C,C,C,G,C,U,U,A,A,U,U,C,A,U,U,C,A,G,A,U,C,U,G,U,A,A,U,A,G,A,A,C,U,G,U,C,A,U,U,C,A,A,C,C,C,C,A,A,A,A,A,U,C,U,A,G,U,G,C,U,G,A,U,A,U,A,A,C,C,U,U,C,A,C,C,A,A,U,U,A,G,G,U,U,C,A,A,A,U,A,A,G,U,G,G,U,A,A,U,G,C,G,G,G,A,C,A,A,A,A,G,A,C,U,A,U,C,G,A,C,A,U,U,U,G,A,U,A,C,A,C,U,A,U,U,U,A,U,C,A,A,U,G,G,A,U,G,U,C,U,U,A,U,U,U,U"
7lmb_Telomerase.bpseq.db.txt,7uy6_Telomerase.bpseq.db.txt,93.58974358974359,"C,C,C,G,C,U,U,A,A,U,U,C,A,U,U,C,A,G,A,U,C,U,G,U,A,A,U,A,G,A,A,C,U,G,U,C,A,U,U,C,A,A,C,C,C,C,_,_,A,A,A,_,_,_,A,G,U,G,C,U,G,A,U,A,U,A,A,C,C,U,U,C,A,C,C,A,A,U,U,A,G,G,U,U,C,A,A,A,U,A,A,G,U,G,G,U,A,A,U,G,C,G,G,G,A,C,A,A,A,A,G,A,C,U,A,U,C,G,A,C,A,U,U,U,G,A,U,A,C,A,C,U,A,U,U,U,A,U,C,A,A,U,G,G,A,U,G,U,C,U,U,A,U,U,U,U","C,C,C,G,C,U,U,A,A,U,U,C,A,U,U,C,A,G,A,U,C,U,G,U,A,A,U,A,G,A,A,C,U,G,U,C,A,U,U,C,A,A,C,C,C,C,A,A,A,A,A,U,C,U,A,G,U,G,C,U,G,A,U,A,U,A,A,C,C,U,U,C,A,C,C,A,A,U,U,A,G,G,U,U,C,A,A,A,U,A,A,G,U,G,G,U,A,A,U,G,C,G,G,G,A,C,A,A,A,A,G,A,C,U,A,U,C,G,A,C,A,U,U,U,G,A,U,A,C,A,C,U,A,U,U,U,A,U,C,A,A,U,G,G,A,U,G,U,C,U,U,A,U,U,U,U"
7lmb_Telomerase.bpseq.db.txt,7v99_Telomerase.bpseq.db.txt,4.11522633744856,"C,U,G,U,C,A,U,U,C,A,A,C,_,_,_,C,C,C,A,A,A,A,G,_,_,U,_,_,G,_,C,U,G,A,U,A,U,A,A,C,C,U,U,C,A,C,C,A,A,U,U,A,G,G,U,U,C,A,A,A,U,A,A,G,U,G,G,U,_,A,_,A,U,G,C,G,G,G,A,C","C,U,G,A,C,U,U,U,C,A,G,C,G,G,G,C,G,G,A,A,A,A,G,C,C,U,C,G,G,C,C,U,G,C,C,G,_,_,_,C,C,U,U,G,A,G,C,A,A,_,_,A,_,_,_,_,C,A,A,A,A,A,A,_,U,G,_,U,C,A,G,C,U,G,C,U,G,G,C,C"
7lmb_Telomerase.bpseq.db.txt,7v9a_Telomerase.bpseq.db.txt,5.960264900662252,"G,C,U,G,A,U,A,U,A,A,C,C,U,U,C,A,_,C,C,A,_,_,A,U,U,A,G,G,U,U,C,A,_,A,_,A,U","G,C,U,G,_,U,G,G,G,A,C,G,U,G,C,A,C,C,C,A,G,G,A,C,U,C,G,G,C,U,C,A,C,A,C,A,U"
7lmb_Telomerase.bpseq.db.txt,8gap_Telomerase.bpseq.db.txt,91.82389937106919,"C,C,C,G,C,U,U,A,A,U,U,C,A,U,U,C,A,G,A,U,C,U,G,U,A,A,U,A,G,A,A,C,U,G,U,C,A,U,U,C,A,A,C,C,C,C,_,_,A,A,A,_,_,_,A,G,U,G,C,U,G,A,U,A,U,A,A,C,C,U,U,C,A,C,C,A,A,U,U,A,G,G,U,U,C,A,A,A,U,A,A,G,U,G,G,U,A,A,U,G,C,G,G,G,A,C,A,A,A,A,G,A,C,U,A,U,C,G,A,C,A,U,U,U,G,A,U,A,C,A,C,U,A,U,U,U,A,U,C,A,A,U,G,G,A,U,G,U,C,U,U,A,U,U,U,U","C,C,C,G,C,U,U,A,A,U,U,C,A,U,U,C,A,G,A,U,C,U,G,U,A,A,U,A,G,A,A,C,U,G,U,C,A,U,U,C,A,A,C,C,C,C,A,A,A,A,A,U,C,U,A,G,U,G,C,U,G,A,U,A,U,A,A,C,C,U,U,C,A,C,C,A,A,U,U,A,G,G,U,U,C,A,A,A,U,A,A,G,U,G,G,U,A,A,U,G,C,G,G,G,A,C,A,A,A,A,G,A,C,U,A,U,C,G,A,C,A,U,U,U,G,A,U,A,C,A,C,U,A,U,U,U,A,U,C,A,A,U,G,G,A,U,G,U,C,U,U,A,U,U,U,U"
7qxa_Telomerase.bpseq.db.txt,7qxb_Telomerase.bpseq.db.txt,97.65625,"G,G,G,U,G,G,U,G,G,C,C,A,U,U,U,U,U,U,G,U,C,U,A,A,C,C,C,U,A,A,C,U,G,A,G,A,A,G,G,G,C,G,U,A,G,G,C,G,C,C,G,U,G,C,U,U,U,U,G,C,U,C,C,C,C,G,C,G,C,G,C,U,G,U,U,U,U,U,C,U,C,G,C,U,G,A,C,U,U,U,C,A,G,C,G,G,G,C,G,G,A,A,A,A,G,C,C,U,C,G,G,C,C,U,G,C,C,G,C,C,_,U,_,_,G,A,G,C,A,A,A,C,A,A,A,A,A,A,U,G,U,C,A,G,C,U,G,C,U,G,G,C,C,C,G,U,U,C,G,C,C,C,C,G,A,A,C,C,C,C,G,C,C,G,A,G,G,C,C,G,C,G,G,U,C,G,G,C,C,C,G,G,G,G,C,U,U,C,U,C,C,G,G,A,G,G,C,A,C,C,C,A,C,U,G,C,C,A,C,C,G,C,G,A,A,G,A,G,U,U,G,G,G,C,U,C,U,G,U,C,A,G,C,C,G,C,G,G,G,U,C,U,C,U,C,G","G,G,G,U,G,G,U,G,G,C,C,A,U,U,U,U,U,U,G,U,C,U,A,A,C,C,C,U,A,A,C,U,G,A,G,A,A,G,G,G,C,G,U,A,G,G,C,G,C,C,G,U,G,C,U,U,U,U,G,C,U,C,C,C,C,G,C,G,C,G,C,U,G,U,U,U,U,U,C,U,C,G,C,U,G,A,C,U,U,U,C,A,G,C,G,G,G,C,G,G,A,A,A,A,G,C,C,U,C,G,G,C,C,U,G,C,C,G,C,C,U,U,C,C,G,A,G,C,A,A,A,C,A,A,A,A,A,A,U,G,U,C,A,G,C,U,G,C,U,G,G,C,C,C,G,U,U,C,G,C,C,C,C,G,A,A,C,C,C,C,G,C,C,G,A,G,G,C,C,G,C,G,G,U,C,G,G,C,C,C,G,G,G,G,C,U,U,C,U,C,C,G,G,A,G,G,C,A,C,C,C,A,C,U,G,C,C,A,C,C,G,C,G,A,A,G,A,G,U,U,G,G,G,C,U,C,U,G,U,C,A,G,C,C,G,C,G,G,G,U,C,U,C,U,C,G"
7qxa_Telomerase.bpseq.db.txt,7trd_Telomerase.bpseq.db.txt,75.49407114624506,"G,G,C,C,A,U,U,U,U,U,U,G,U,C,U,A,A,C,C,C,U,A,A,C,U,G,A,G,A,A,G,G,G,C,G,U,A,G,G,C,G,C,C,G,U,G,C,U,U,U,U,G,C,U,C,C,C,C,G,C,G,C,G,C,U,G,U,U,U,U,U,C,U,C,G,C,U,G,A,C,U,U,U,C,A,G,C,G,G,G,C,G,G,A,A,A,A,G,C,C,U,C,G,G,C,C,U,G,C,C,G,C,C,_,U,_,_,G,A,G,C,A,A,A,C,A,A,A,A,A,A,U,G,U,C,A,G,C,U,G,C,U,G,G,C,C,C,G,U,U,C,G,C,C,C,C,G,A,A,C,C,C,C,G,C,C,G,A,G,G,C,C,G,C,G,G,U,C,G,G,C,C,C,G,G,G,G,C,U,U,C,U,C,C,G,G,A,G,G,C,A,C,C,C,A,C,U,G,C,C,A,C,C,G,C,G,A,A,G,A,G,U,U,G,G,G,C,U,C,U,G,U,C,A,G,C,C","G,G,C,C,A,U,U,U,U,U,U,G,U,C,U,A,A,C,C,C,U,A,A,C,U,G,A,G,A,A,G,G,G,C,G,U,A,G,G,C,G,C,C,G,U,G,C,U,U,U,U,G,C,U,C,C,C,C,G,C,G,C,G,C,U,G,U,U,U,U,U,C,U,C,G,C,U,G,A,C,U,U,U,C,A,G,C,G,G,G,C,G,G,A,A,A,A,G,C,C,U,C,G,G,C,C,U,G,C,C,G,C,C,U,U,C,C,G,A,G,C,A,A,A,C,A,A,A,A,A,A,U,G,U,C,A,G,C,U,G,C,U,G,G,C,C,_,G,_,_,_,_,_,_,_,_,_,A,_,_,_,_,_,G,_,_,G,_,_,_,C,C,G,C,G,G,U,C,G,G,C,C,C,G,G,G,G,C,U,U,C,U,C,C,G,G,A,G,G,C,A,C,C,C,A,C,U,G,C,C,A,C,C,G,C,G,A,A,G,A,G,U,U,G,G,G,C,U,C,U,G,U,C,A,G,C,C"
7qxa_Telomerase.bpseq.db.txt,7tre_Telomerase.bpseq.db.txt,75.49407114624506,"G,G,C,C,A,U,U,U,U,U,U,G,U,C,U,A,A,C,C,C,U,A,A,C,U,G,A,G,A,A,G,G,G,C,G,U,A,G,G,C,G,C,C,G,U,G,C,U,U,U,U,G,C,U,C,C,C,C,G,C,G,C,G,C,U,G,U,U,U,U,U,C,U,C,G,C,U,G,A,C,U,U,U,C,A,G,C,G,G,G,C,G,G,A,A,A,A,G,C,C,U,C,G,G,C,C,U,G,C,C,G,C,C,_,U,_,_,G,A,G,C,A,A,A,C,A,A,A,A,A,A,U,G,U,C,A,G,C,U,G,C,U,G,G,C,C,C,G,U,U,C,G,C,C,C,C,G,A,A,C,C,C,C,G,C,C,G,A,G,G,C,C,G,C,G,G,U,C,G,G,C,C,C,G,G,G,G,C,U,U,C,U,C,C,G,G,A,G,G,C,A,C,C,C,A,C,U,G,C,C,A,C,C,G,C,G,A,A,G,A,G,U,U,G,G,G,C,U,C,U,G,U,C,A,G,C,C","G,G,C,C,A,U,U,U,U,U,U,G,U,C,U,A,A,C,C,C,U,A,A,C,U,G,A,G,A,A,G,G,G,C,G,U,A,G,G,C,G,C,C,G,U,G,C,U,U,U,U,G,C,U,C,C,C,C,G,C,G,C,G,C,U,G,U,U,U,U,U,C,U,C,G,C,U,G,A,C,U,U,U,C,A,G,C,G,G,G,C,G,G,A,A,A,A,G,C,C,U,C,G,G,C,C,U,G,C,C,G,C,C,U,U,C,C,G,A,G,C,A,A,A,C,A,A,A,A,A,A,U,G,U,C,A,G,C,U,G,C,U,G,G,C,C,_,G,_,_,_,_,_,_,_,_,_,A,_,_,_,_,_,G,_,_,G,_,_,_,C,C,G,C,G,G,U,C,G,G,C,C,C,G,G,G,G,C,U,U,C,U,C,C,G,G,A,G,G,C,A,C,C,C,A,C,U,G,C,C,A,C,C,G,C,G,A,A,G,A,G,U,U,G,G,G,C,U,C,U,G,U,C,A,G,C,C"
7qxa_Telomerase.bpseq.db.txt,7trf_Telomerase.bpseq.db.txt,75.49407114624506,"G,G,C,C,A,U,U,U,U,U,U,G,U,C,U,A,A,C,C,C,U,A,A,C,U,G,A,G,A,A,G,G,G,C,G,U,A,G,G,C,G,C,C,G,U,G,C,U,U,U,U,G,C,U,C,C,C,C,G,C,G,C,G,C,U,G,U,U,U,U,U,C,U,C,G,C,U,G,A,C,U,U,U,C,A,G,C,G,G,G,C,G,G,A,A,A,A,G,C,C,U,C,G,G,C,C,U,G,C,C,G,C,C,_,U,_,_,G,A,G,C,A,A,A,C,A,A,A,A,A,A,U,G,U,C,A,G,C,U,G,C,U,G,G,C,C,C,G,U,U,C,G,C,C,C,C,G,A,A,C,C,C,C,G,C,C,G,A,G,G,C,C,G,C,G,G,U,C,G,G,C,C,C,G,G,G,G,C,U,U,C,U,C,C,G,G,A,G,G,C,A,C,C,C,A,C,U,G,C,C,A,C,C,G,C,G,A,A,G,A,G,U,U,G,G,G,C,U,C,U,G,U,C,A,G,C,C","G,G,C,C,A,U,U,U,U,U,U,G,U,C,U,A,A,C,C,C,U,A,A,C,U,G,A,G,A,A,G,G,G,C,G,U,A,G,G,C,G,C,C,G,U,G,C,U,U,U,U,G,C,U,C,C,C,C,G,C,G,C,G,C,U,G,U,U,U,U,U,C,U,C,G,C,U,G,A,C,U,U,U,C,A,G,C,G,G,G,C,G,G,A,A,A,A,G,C,C,U,C,G,G,C,C,U,G,C,C,G,C,C,U,U,C,C,G,A,G,C,A,A,A,C,A,A,A,A,A,A,U,G,U,C,A,G,C,U,G,C,U,G,G,C,C,_,G,_,_,_,_,_,_,_,_,_,A,_,_,_,_,_,G,_,_,G,_,_,_,C,C,G,C,G,G,U,C,G,G,C,C,C,G,G,G,G,C,U,U,C,U,C,C,G,G,A,G,G,C,A,C,C,C,A,C,U,G,C,C,A,C,C,G,C,G,A,A,G,A,G,U,U,G,G,G,C,U,C,U,G,U,C,A,G,C,C"
7qxa_Telomerase.bpseq.db.txt,7uy5_Telomerase.bpseq.db.txt,4.743083003952569,"C,A,A,_,A,C,A,A,A,A,A,A,U,G,U,C,A,G,C,U,G,C,U,G","C,A,A,C,C,C,C,A,A,A,A,A,U,C,U,_,A,G,_,U,G,C,U,G"
7qxa_Telomerase.bpseq.db.txt,7uy6_Telomerase.bpseq.db.txt,4.743083003952569,"C,A,A,_,A,C,A,A,A,A,A,A,U,G,U,C,A,G,C,U,G,C,U,G","C,A,A,C,C,C,C,A,A,A,A,A,U,C,U,_,A,G,_,U,G,C,U,G"
7qxa_Telomerase.bpseq.db.txt,7v99_Telomerase.bpseq.db.txt,90.51383399209486,"G,G,C,C,A,U,U,U,U,U,U,G,U,C,U,A,A,C,C,C,U,A,A,C,U,G,A,G,A,A,G,G,G,C,G,U,A,G,G,C,G,C,C,G,U,G,C,U,U,U,U,G,C,U,C,C,C,C,G,C,G,C,G,C,U,G,U,U,U,U,U,C,U,C,G,C,U,G,A,C,U,U,U,C,A,G,C,G,G,G,C,G,G,A,A,A,A,G,C,C,U,C,G,G,C,C,U,G,C,C,G,C,C,_,U,G,A,G,C,A,A,A,C,A,A,A,A,A,A,U,G,U,C,A,G,C,U,G,C,U,G,G,C,C,C,G,U,U,C,G,C,C,C,C,G,A,A,C,C,C,C,G,C,C,_,_,G,A,G,G,C,C,G,C,G,G,U,C,G,G,C,C,C,G,G,G,G,C,U,U,C,U,C,C,G,G,A,G,G,C,A,C,C,C,A,C,U,G,C,C,A,C,C,G,C,G,A,A,G,A,G,U,U,G,G,G,C,U,C,U,G,U,C,A,G,C,C,G,C,G,G,G,U,C,U,C,U,C,G","G,G,C,C,A,U,U,U,U,U,U,G,U,C,U,A,A,C,C,C,U,A,A,C,U,G,A,G,A,A,G,G,G,C,G,U,A,G,G,C,G,C,C,G,U,G,C,U,U,U,U,G,C,U,C,C,C,C,G,C,G,C,G,C,U,G,U,U,U,U,U,C,U,C,G,C,U,G,A,C,U,U,U,C,A,G,C,G,G,G,C,G,G,A,A,A,A,G,C,C,U,C,G,G,C,C,U,G,C,C,G,C,C,U,U,G,A,G,C,A,A,A,C,A,A,A,A,A,A,U,G,U,C,A,G,C,U,G,C,U,G,G,C,C,C,_,_,_,C,_,C,_,_,_,G,A,A,C,C,C,C,G,C,C,U,G,G,A,G,G,C,C,G,C,G,G,U,C,G,G,C,C,C,G,G,G,G,C,U,U,C,U,C,C,G,G,A,G,G,C,A,C,C,C,A,C,U,G,C,C,A,C,C,G,C,G,A,A,G,A,G,U,U,G,G,G,C,U,C,U,G,U,C,A,G,C,C,G,C,G,G,G,U,C,U,C,U,C,G"
7qxa_Telomerase.bpseq.db.txt,7v9a_Telomerase.bpseq.db.txt,8.300395256916996,"G,C,C,G,A,G,G,C,C,G,C,G,G,_,_,U,C,G,G,_,_,C,C,C,G,G,G,G,_,C,U,U,C,U,C,C,G,G,_,A,G,G,_,C,A,C,C,C,A,C,U,G,C,C,A,_,_,C,C,G,C,_,_,G,A,A,G,A,_,G,_,U,U,G,G,_,G,C,U,C,U,G,U,C,A,G,C,C,G,C,G,G,G,U,C,_,U,C,U,C,G","G,C,G,G,A,G,G,G,U,G,_,G,G,C,C,U,G,G,G,A,U,C,C,C,G,G,G,G,A,C,_,_,C,U,G,C,G,G,C,G,G,G,U,C,A,G,G,C,_,C,U,U,U,C,A,G,G,C,C,G,C,A,G,G,A,A,G,A,G,G,A,A,C,G,G,A,G,C,G,A,_,G,U,C,C,_,C,C,G,C,G,C,G,_,C,G,G,C,G,C,G"
7qxa_Telomerase.bpseq.db.txt,8gap_Telomerase.bpseq.db.txt,4.743083003952569,"C,A,A,_,A,C,A,A,A,A,A,A,U,G,U,C,A,G,C,U,G,C,U,G","C,A,A,C,C,C,C,A,A,A,A,A,U,C,U,_,A,G,_,U,G,C,U,G"
7qxb_Telomerase.bpseq.db.txt,7trd_Telomerase.bpseq.db.txt,76.953125,"G,G,C,C,A,U,U,U,U,U,U,G,U,C,U,A,A,C,C,C,U,A,A,C,U,G,A,G,A,A,G,G,G,C,G,U,A,G,G,C,G,C,C,G,U,G,C,U,U,U,U,G,C,U,C,C,C,C,G,C,G,C,G,C,U,G,U,U,U,U,U,C,U,C,G,C,U,G,A,C,U,U,U,C,A,G,C,G,G,G,C,G,G,A,A,A,A,G,C,C,U,C,G,G,C,C,U,G,C,C,G,C,C,U,U,C,C,G,A,G,C,A,A,A,C,A,A,A,A,A,A,U,G,U,C,A,G,C,U,G,C,U,G,G,C,C,C,G,U,U,C,G,C,C,C,C,G,A,A,C,C,C,C,G,C,C,G,A,G,G,C,C,G,C,G,G,U,C,G,G,C,C,C,G,G,G,G,C,U,U,C,U,C,C,G,G,A,G,G,C,A,C,C,C,A,C,U,G,C,C,A,C,C,G,C,G,A,A,G,A,G,U,U,G,G,G,C,U,C,U,G,U,C,A,G,C,C","G,G,C,C,A,U,U,U,U,U,U,G,U,C,U,A,A,C,C,C,U,A,A,C,U,G,A,G,A,A,G,G,G,C,G,U,A,G,G,C,G,C,C,G,U,G,C,U,U,U,U,G,C,U,C,C,C,C,G,C,G,C,G,C,U,G,U,U,U,U,U,C,U,C,G,C,U,G,A,C,U,U,U,C,A,G,C,G,G,G,C,G,G,A,A,A,A,G,C,C,U,C,G,G,C,C,U,G,C,C,G,C,C,U,U,C,C,G,A,G,C,A,A,A,C,A,A,A,A,A,A,U,G,U,C,A,G,C,U,G,C,U,G,G,C,C,_,G,_,_,_,_,_,_,_,_,_,A,_,_,_,_,_,G,_,_,G,_,_,_,C,C,G,C,G,G,U,C,G,G,C,C,C,G,G,G,G,C,U,U,C,U,C,C,G,G,A,G,G,C,A,C,C,C,A,C,U,G,C,C,A,C,C,G,C,G,A,A,G,A,G,U,U,G,G,G,C,U,C,U,G,U,C,A,G,C,C"
7qxb_Telomerase.bpseq.db.txt,7tre_Telomerase.bpseq.db.txt,76.953125,"G,G,C,C,A,U,U,U,U,U,U,G,U,C,U,A,A,C,C,C,U,A,A,C,U,G,A,G,A,A,G,G,G,C,G,U,A,G,G,C,G,C,C,G,U,G,C,U,U,U,U,G,C,U,C,C,C,C,G,C,G,C,G,C,U,G,U,U,U,U,U,C,U,C,G,C,U,G,A,C,U,U,U,C,A,G,C,G,G,G,C,G,G,A,A,A,A,G,C,C,U,C,G,G,C,C,U,G,C,C,G,C,C,U,U,C,C,G,A,G,C,A,A,A,C,A,A,A,A,A,A,U,G,U,C,A,G,C,U,G,C,U,G,G,C,C,C,G,U,U,C,G,C,C,C,C,G,A,A,C,C,C,C,G,C,C,G,A,G,G,C,C,G,C,G,G,U,C,G,G,C,C,C,G,G,G,G,C,U,U,C,U,C,C,G,G,A,G,G,C,A,C,C,C,A,C,U,G,C,C,A,C,C,G,C,G,A,A,G,A,G,U,U,G,G,G,C,U,C,U,G,U,C,A,G,C,C","G,G,C,C,A,U,U,U,U,U,U,G,U,C,U,A,A,C,C,C,U,A,A,C,U,G,A,G,A,A,G,G,G,C,G,U,A,G,G,C,G,C,C,G,U,G,C,U,U,U,U,G,C,U,C,C,C,C,G,C,G,C,G,C,U,G,U,U,U,U,U,C,U,C,G,C,U,G,A,C,U,U,U,C,A,G,C,G,G,G,C,G,G,A,A,A,A,G,C,C,U,C,G,G,C,C,U,G,C,C,G,C,C,U,U,C,C,G,A,G,C,A,A,A,C,A,A,A,A,A,A,U,G,U,C,A,G,C,U,G,C,U,G,G,C,C,_,G,_,_,_,_,_,_,_,_,_,A,_,_,_,_,_,G,_,_,G,_,_,_,C,C,G,C,G,G,U,C,G,G,C,C,C,G,G,G,G,C,U,U,C,U,C,C,G,G,A,G,G,C,A,C,C,C,A,C,U,G,C,C,A,C,C,G,C,G,A,A,G,A,G,U,U,G,G,G,C,U,C,U,G,U,C,A,G,C,C"
7qxb_Telomerase.bpseq.db.txt,7trf_Telomerase.bpseq.db.txt,76.953125,"G,G,C,C,A,U,U,U,U,U,U,G,U,C,U,A,A,C,C,C,U,A,A,C,U,G,A,G,A,A,G,G,G,C,G,U,A,G,G,C,G,C,C,G,U,G,C,U,U,U,U,G,C,U,C,C,C,C,G,C,G,C,G,C,U,G,U,U,U,U,U,C,U,C,G,C,U,G,A,C,U,U,U,C,A,G,C,G,G,G,C,G,G,A,A,A,A,G,C,C,U,C,G,G,C,C,U,G,C,C,G,C,C,U,U,C,C,G,A,G,C,A,A,A,C,A,A,A,A,A,A,U,G,U,C,A,G,C,U,G,C,U,G,G,C,C,C,G,U,U,C,G,C,C,C,C,G,A,A,C,C,C,C,G,C,C,G,A,G,G,C,C,G,C,G,G,U,C,G,G,C,C,C,G,G,G,G,C,U,U,C,U,C,C,G,G,A,G,G,C,A,C,C,C,A,C,U,G,C,C,A,C,C,G,C,G,A,A,G,A,G,U,U,G,G,G,C,U,C,U,G,U,C,A,G,C,C","G,G,C,C,A,U,U,U,U,U,U,G,U,C,U,A,A,C,C,C,U,A,A,C,U,G,A,G,A,A,G,G,G,C,G,U,A,G,G,C,G,C,C,G,U,G,C,U,U,U,U,G,C,U,C,C,C,C,G,C,G,C,G,C,U,G,U,U,U,U,U,C,U,C,G,C,U,G,A,C,U,U,U,C,A,G,C,G,G,G,C,G,G,A,A,A,A,G,C,C,U,C,G,G,C,C,U,G,C,C,G,C,C,U,U,C,C,G,A,G,C,A,A,A,C,A,A,A,A,A,A,U,G,U,C,A,G,C,U,G,C,U,G,G,C,C,_,G,_,_,_,_,_,_,_,_,_,A,_,_,_,_,_,G,_,_,G,_,_,_,C,C,G,C,G,G,U,C,G,G,C,C,C,G,G,G,G,C,U,U,C,U,C,C,G,G,A,G,G,C,A,C,C,C,A,C,U,G,C,C,A,C,C,G,C,G,A,A,G,A,G,U,U,G,G,G,C,U,C,U,G,U,C,A,G,C,C"
7qxb_Telomerase.bpseq.db.txt,7uy5_Telomerase.bpseq.db.txt,4.6875,"C,A,A,_,A,C,A,A,A,A,A,A,U,G,U,C,A,G,C,U,G,C,U,G","C,A,A,C,C,C,C,A,A,A,A,A,U,C,U,_,A,G,_,U,G,C,U,G"
7qxb_Telomerase.bpseq.db.txt,7uy6_Telomerase.bpseq.db.txt,4.6875,"C,A,A,_,A,C,A,A,A,A,A,A,U,G,U,C,A,G,C,U,G,C,U,G","C,A,A,C,C,C,C,A,A,A,A,A,U,C,U,_,A,G,_,U,G,C,U,G"
7qxb_Telomerase.bpseq.db.txt,7v99_Telomerase.bpseq.db.txt,89.453125,"G,G,C,C,A,U,U,U,U,U,U,G,U,C,U,A,A,C,C,C,U,A,A,C,U,G,A,G,A,A,G,G,G,C,G,U,A,G,G,C,G,C,C,G,U,G,C,U,U,U,U,G,C,U,C,C,C,C,G,C,G,C,G,C,U,G,U,U,U,U,U,C,U,C,G,C,U,G,A,C,U,U,U,C,A,G,C,G,G,G,C,G,G,A,A,A,A,G,C,C,U,C,G,G,C,C,U,G,C,C,G,C,C,U,U,C,C,G,A,G,C,A,A,A,C,A,A,A,A,A,A,U,G,U,C,A,G,C,U,G,C,U,G,G,C,C,C,G,U,U,C,G,C,C,C,C,G,A,A,C,C,C,C,G,C,C,_,_,G,A,G,G,C,C,G,C,G,G,U,C,G,G,C,C,C,G,G,G,G,C,U,U,C,U,C,C,G,G,A,G,G,C,A,C,C,C,A,C,U,G,C,C,A,C,C,G,C,G,A,A,G,A,G,U,U,G,G,G,C,U,C,U,G,U,C,A,G,C,C,G,C,G,G,G,U,C,U,C,U,C,G","G,G,C,C,A,U,U,U,U,U,U,G,U,C,U,A,A,C,C,C,U,A,A,C,U,G,A,G,A,A,G,G,G,C,G,U,A,G,G,C,G,C,C,G,U,G,C,U,U,U,U,G,C,U,C,C,C,C,G,C,G,C,G,C,U,G,U,U,U,U,U,C,U,C,G,C,U,G,A,C,U,U,U,C,A,G,C,G,G,G,C,G,G,A,A,A,A,G,C,C,U,C,G,G,C,C,U,G,C,C,G,C,C,U,U,_,_,G,A,G,C,A,A,A,C,A,A,A,A,A,A,U,G,U,C,A,G,C,U,G,C,U,G,G,C,C,C,_,_,_,C,_,C,_,_,_,G,A,A,C,C,C,C,G,C,C,U,G,G,A,G,G,C,C,G,C,G,G,U,C,G,G,C,C,C,G,G,G,G,C,U,U,C,U,C,C,G,G,A,G,G,C,A,C,C,C,A,C,U,G,C,C,A,C,C,G,C,G,A,A,G,A,G,U,U,G,G,G,C,U,C,U,G,U,C,A,G,C,C,G,C,G,G,G,U,C,U,C,U,C,G"
7qxb_Telomerase.bpseq.db.txt,7v9a_Telomerase.bpseq.db.txt,8.203125,"G,C,C,G,A,G,G,C,C,G,C,G,G,_,_,U,C,G,G,_,_,C,C,C,G,G,G,G,_,C,U,U,C,U,C,C,G,G,_,A,G,G,_,C,A,C,C,C,A,C,U,G,C,C,A,_,_,C,C,G,C,_,_,G,A,A,G,A,_,G,_,U,U,G,G,_,G,C,U,C,U,G,U,C,A,G,C,C,G,C,G,G,G,U,C,_,U,C,U,C,G","G,C,G,G,A,G,G,G,U,G,_,G,G,C,C,U,G,G,G,A,U,C,C,C,G,G,G,G,A,C,_,_,C,U,G,C,G,G,C,G,G,G,U,C,A,G,G,C,_,C,U,U,U,C,A,G,G,C,C,G,C,A,G,G,A,A,G,A,G,G,A,A,C,G,G,A,G,C,G,A,_,G,U,C,C,_,C,C,G,C,G,C,G,_,C,G,G,C,G,C,G"
7qxb_Telomerase.bpseq.db.txt,8gap_Telomerase.bpseq.db.txt,4.6875,"C,A,A,_,A,C,A,A,A,A,A,A,U,G,U,C,A,G,C,U,G,C,U,G","C,A,A,C,C,C,C,A,A,A,A,A,U,C,U,_,A,G,_,U,G,C,U,G"
7trd_Telomerase.bpseq.db.txt,7tre_Telomerase.bpseq.db.txt,100.0,"G,G,C,C,A,U,U,U,U,U,U,G,U,C,U,A,A,C,C,C,U,A,A,C,U,G,A,G,A,A,G,G,G,C,G,U,A,G,G,C,G,C,C,G,U,G,C,U,U,U,U,G,C,U,C,C,C,C,G,C,G,C,G,C,U,G,U,U,U,U,U,C,U,C,G,C,U,G,A,C,U,U,U,C,A,G,C,G,G,G,C,G,G,A,A,A,A,G,C,C,U,C,G,G,C,C,U,G,C,C,G,C,C,U,U,C,C,G,A,G,C,A,A,A,C,A,A,A,A,A,A,U,G,U,C,A,G,C,U,G,C,U,G,G,C,C,G,A,G,G,C,C,G,C,G,G,U,C,G,G,C,C,C,G,G,G,G,C,U,U,C,U,C,C,G,G,A,G,G,C,A,C,C,C,A,C,U,G,C,C,A,C,C,G,C,G,A,A,G,A,G,U,U,G,G,G,C,U,C,U,G,U,C,A,G,C,C","G,G,C,C,A,U,U,U,U,U,U,G,U,C,U,A,A,C,C,C,U,A,A,C,U,G,A,G,A,A,G,G,G,C,G,U,A,G,G,C,G,C,C,G,U,G,C,U,U,U,U,G,C,U,C,C,C,C,G,C,G,C,G,C,U,G,U,U,U,U,U,C,U,C,G,C,U,G,A,C,U,U,U,C,A,G,C,G,G,G,C,G,G,A,A,A,A,G,C,C,U,C,G,G,C,C,U,G,C,C,G,C,C,U,U,C,C,G,A,G,C,A,A,A,C,A,A,A,A,A,A,U,G,U,C,A,G,C,U,G,C,U,G,G,C,C,G,A,G,G,C,C,G,C,G,G,U,C,G,G,C,C,C,G,G,G,G,C,U,U,C,U,C,C,G,G,A,G,G,C,A,C,C,C,A,C,U,G,C,C,A,C,C,G,C,G,A,A,G,A,G,U,U,G,G,G,C,U,C,U,G,U,C,A,G,C,C"
7trd_Telomerase.bpseq.db.txt,7trf_Telomerase.bpseq.db.txt,100.0,"G,G,C,C,A,U,U,U,U,U,U,G,U,C,U,A,A,C,C,C,U,A,A,C,U,G,A,G,A,A,G,G,G,C,G,U,A,G,G,C,G,C,C,G,U,G,C,U,U,U,U,G,C,U,C,C,C,C,G,C,G,C,G,C,U,G,U,U,U,U,U,C,U,C,G,C,U,G,A,C,U,U,U,C,A,G,C,G,G,G,C,G,G,A,A,A,A,G,C,C,U,C,G,G,C,C,U,G,C,C,G,C,C,U,U,C,C,G,A,G,C,A,A,A,C,A,A,A,A,A,A,U,G,U,C,A,G,C,U,G,C,U,G,G,C,C,G,A,G,G,C,C,G,C,G,G,U,C,G,G,C,C,C,G,G,G,G,C,U,U,C,U,C,C,G,G,A,G,G,C,A,C,C,C,A,C,U,G,C,C,A,C,C,G,C,G,A,A,G,A,G,U,U,G,G,G,C,U,C,U,G,U,C,A,G,C,C","G,G,C,C,A,U,U,U,U,U,U,G,U,C,U,A,A,C,C,C,U,A,A,C,U,G,A,G,A,A,G,G,G,C,G,U,A,G,G,C,G,C,C,G,U,G,C,U,U,U,U,G,C,U,C,C,C,C,G,C,G,C,G,C,U,G,U,U,U,U,U,C,U,C,G,C,U,G,A,C,U,U,U,C,A,G,C,G,G,G,C,G,G,A,A,A,A,G,C,C,U,C,G,G,C,C,U,G,C,C,G,C,C,U,U,C,C,G,A,G,C,A,A,A,C,A,A,A,A,A,A,U,G,U,C,A,G,C,U,G,C,U,G,G,C,C,G,A,G,G,C,C,G,C,G,G,U,C,G,G,C,C,C,G,G,G,G,C,U,U,C,U,C,C,G,G,A,G,G,C,A,C,C,C,A,C,U,G,C,C,A,C,C,G,C,G,A,A,G,A,G,U,U,G,G,G,C,U,C,U,G,U,C,A,G,C,C"
7trd_Telomerase.bpseq.db.txt,7uy5_Telomerase.bpseq.db.txt,5.529953917050691,"C,A,A,_,A,C,A,A,A,A,A,A,U,G,U,C,A,G,C,U,G,C,U,G","C,A,A,C,C,C,C,A,A,A,A,A,U,C,U,_,A,G,_,U,G,C,U,G"
7trd_Telomerase.bpseq.db.txt,7uy6_Telomerase.bpseq.db.txt,5.529953917050691,"C,A,A,_,A,C,A,A,A,A,A,A,U,G,U,C,A,G,C,U,G,C,U,G","C,A,A,C,C,C,C,A,A,A,A,A,U,C,U,_,A,G,_,U,G,C,U,G"
7trd_Telomerase.bpseq.db.txt,7v99_Telomerase.bpseq.db.txt,81.48148148148148,"G,G,C,C,A,U,U,U,U,U,U,G,U,C,U,A,A,C,C,C,U,A,A,C,U,G,A,G,A,A,G,G,G,C,G,U,A,G,G,C,G,C,C,G,U,G,C,U,U,U,U,G,C,U,C,C,C,C,G,C,G,C,G,C,U,G,U,U,U,U,U,C,U,C,G,C,U,G,A,C,U,U,U,C,A,G,C,G,G,G,C,G,G,A,A,A,A,G,C,C,U,C,G,G,C,C,U,G,C,C,G,C,C,U,U,C,C,G,A,G,C,A,A,A,C,A,A,A,A,A,A,U,G,U,C,A,G,C,U,G,C,U,_,_,_,_,_,_,_,G,_,_,_,_,_,_,G,C,C,_,_,G,A,G,G,C,C,G,C,G,G,U,C,G,G,C,C,C,G,G,G,G,C,U,U,C,U,C,C,G,G,A,G,G,C,A,C,C,C,A,C,U,G,C,C,A,C,C,G,C,G,A,A,G,A,G,U,U,G,G,G,C,U,C,U,G,U,C,A,G,C,C","G,G,C,C,A,U,U,U,U,U,U,G,U,C,U,A,A,C,C,C,U,A,A,C,U,G,A,G,A,A,G,G,G,C,G,U,A,G,G,C,G,C,C,G,U,G,C,U,U,U,U,G,C,U,C,C,C,C,G,C,G,C,G,C,U,G,U,U,U,U,U,C,U,C,G,C,U,G,A,C,U,U,U,C,A,G,C,G,G,G,C,G,G,A,A,A,A,G,C,C,U,C,G,G,C,C,U,G,C,C,G,C,C,U,U,_,_,G,A,G,C,A,A,A,C,A,A,A,A,A,A,U,G,U,C,A,G,C,U,G,C,U,G,G,C,C,C,C,C,G,A,A,C,C,C,C,G,C,C,U,G,G,A,G,G,C,C,G,C,G,G,U,C,G,G,C,C,C,G,G,G,G,C,U,U,C,U,C,C,G,G,A,G,G,C,A,C,C,C,A,C,U,G,C,C,A,C,C,G,C,G,A,A,G,A,G,U,U,G,G,G,C,U,C,U,G,U,C,A,G,C,C"
7trd_Telomerase.bpseq.db.txt,7v9a_Telomerase.bpseq.db.txt,10.138248847926267,"C,C,U,_,C,G,G,C,C,U,G,_,C,_,C,G,C,C,_,U,U,C,C,G,A,G,C,A,A,A,C,A,_,A,A,A,A,A,U,G,U,C,A,G,C,U,G,C,U,G,_,G,C,C,G,A,G,G,C,C,G,C,G,G,U,C,G,G,C,C,C,G,G,_,G,_,G,C,U,U,C,U,C,C,G,G,A,G,_,_,G,C,A,C,C,C,A,C,_,U,G,C,C,A,C,C,G,C,G,A,A,G,A,G,U,U,G,G,G,C,U,C,U,G,U,C,A,_,G,C","C,C,U,G,C,G,G,C,G,G,G,U,C,A,G,G,C,C,U,U,U,C,A,G,_,G,C,C,G,_,C,A,G,G,A,A,G,A,G,G,A,_,A,_,C,_,G,_,_,G,A,G,C,_,G,A,G,U,C,C,C,C,G,_,_,C,G,_,C,G,C,G,G,C,G,C,G,A,U,U,C,_,C,C,U,G,A,G,C,U,G,U,G,G,G,_,A,C,G,U,G,C,_,A,C,C,_,C,_,A,G,G,A,C,U,C,G,G,_,C,U,C,A,C,A,C,A,U,G,C"
7trd_Telomerase.bpseq.db.txt,8gap_Telomerase.bpseq.db.txt,5.529953917050691,"C,A,A,_,A,C,A,A,A,A,A,A,U,G,U,C,A,G,C,U,G,C,U,G","C,A,A,C,C,C,C,A,A,A,A,A,U,C,U,_,A,G,_,U,G,C,U,G"
7tre_Telomerase.bpseq.db.txt,7trf_Telomerase.bpseq.db.txt,100.0,"G,G,C,C,A,U,U,U,U,U,U,G,U,C,U,A,A,C,C,C,U,A,A,C,U,G,A,G,A,A,G,G,G,C,G,U,A,G,G,C,G,C,C,G,U,G,C,U,U,U,U,G,C,U,C,C,C,C,G,C,G,C,G,C,U,G,U,U,U,U,U,C,U,C,G,C,U,G,A,C,U,U,U,C,A,G,C,G,G,G,C,G,G,A,A,A,A,G,C,C,U,C,G,G,C,C,U,G,C,C,G,C,C,U,U,C,C,G,A,G,C,A,A,A,C,A,A,A,A,A,A,U,G,U,C,A,G,C,U,G,C,U,G,G,C,C,G,A,G,G,C,C,G,C,G,G,U,C,G,G,C,C,C,G,G,G,G,C,U,U,C,U,C,C,G,G,A,G,G,C,A,C,C,C,A,C,U,G,C,C,A,C,C,G,C,G,A,A,G,A,G,U,U,G,G,G,C,U,C,U,G,U,C,A,G,C,C","G,G,C,C,A,U,U,U,U,U,U,G,U,C,U,A,A,C,C,C,U,A,A,C,U,G,A,G,A,A,G,G,G,C,G,U,A,G,G,C,G,C,C,G,U,G,C,U,U,U,U,G,C,U,C,C,C,C,G,C,G,C,G,C,U,G,U,U,U,U,U,C,U,C,G,C,U,G,A,C,U,U,U,C,A,G,C,G,G,G,C,G,G,A,A,A,A,G,C,C,U,C,G,G,C,C,U,G,C,C,G,C,C,U,U,C,C,G,A,G,C,A,A,A,C,A,A,A,A,A,A,U,G,U,C,A,G,C,U,G,C,U,G,G,C,C,G,A,G,G,C,C,G,C,G,G,U,C,G,G,C,C,C,G,G,G,G,C,U,U,C,U,C,C,G,G,A,G,G,C,A,C,C,C,A,C,U,G,C,C,A,C,C,G,C,G,A,A,G,A,G,U,U,G,G,G,C,U,C,U,G,U,C,A,G,C,C"
7tre_Telomerase.bpseq.db.txt,7uy5_Telomerase.bpseq.db.txt,5.529953917050691,"C,A,A,_,A,C,A,A,A,A,A,A,U,G,U,C,A,G,C,U,G,C,U,G","C,A,A,C,C,C,C,A,A,A,A,A,U,C,U,_,A,G,_,U,G,C,U,G"
7tre_Telomerase.bpseq.db.txt,7uy6_Telomerase.bpseq.db.txt,5.529953917050691,"C,A,A,_,A,C,A,A,A,A,A,A,U,G,U,C,A,G,C,U,G,C,U,G","C,A,A,C,C,C,C,A,A,A,A,A,U,C,U,_,A,G,_,U,G,C,U,G"
7tre_Telomerase.bpseq.db.txt,7v99_Telomerase.bpseq.db.txt,81.48148148148148,"G,G,C,C,A,U,U,U,U,U,U,G,U,C,U,A,A,C,C,C,U,A,A,C,U,G,A,G,A,A,G,G,G,C,G,U,A,G,G,C,G,C,C,G,U,G,C,U,U,U,U,G,C,U,C,C,C,C,G,C,G,C,G,C,U,G,U,U,U,U,U,C,U,C,G,C,U,G,A,C,U,U,U,C,A,G,C,G,G,G,C,G,G,A,A,A,A,G,C,C,U,C,G,G,C,C,U,G,C,C,G,C,C,U,U,C,C,G,A,G,C,A,A,A,C,A,A,A,A,A,A,U,G,U,C,A,G,C,U,G,C,U,_,_,_,_,_,_,_,G,_,_,_,_,_,_,G,C,C,_,_,G,A,G,G,C,C,G,C,G,G,U,C,G,G,C,C,C,G,G,G,G,C,U,U,C,U,C,C,G,G,A,G,G,C,A,C,C,C,A,C,U,G,C,C,A,C,C,G,C,G,A,A,G,A,G,U,U,G,G,G,C,U,C,U,G,U,C,A,G,C,C","G,G,C,C,A,U,U,U,U,U,U,G,U,C,U,A,A,C,C,C,U,A,A,C,U,G,A,G,A,A,G,G,G,C,G,U,A,G,G,C,G,C,C,G,U,G,C,U,U,U,U,G,C,U,C,C,C,C,G,C,G,C,G,C,U,G,U,U,U,U,U,C,U,C,G,C,U,G,A,C,U,U,U,C,A,G,C,G,G,G,C,G,G,A,A,A,A,G,C,C,U,C,G,G,C,C,U,G,C,C,G,C,C,U,U,_,_,G,A,G,C,A,A,A,C,A,A,A,A,A,A,U,G,U,C,A,G,C,U,G,C,U,G,G,C,C,C,C,C,G,A,A,C,C,C,C,G,C,C,U,G,G,A,G,G,C,C,G,C,G,G,U,C,G,G,C,C,C,G,G,G,G,C,U,U,C,U,C,C,G,G,A,G,G,C,A,C,C,C,A,C,U,G,C,C,A,C,C,G,C,G,A,A,G,A,G,U,U,G,G,G,C,U,C,U,G,U,C,A,G,C,C"
7tre_Telomerase.bpseq.db.txt,7v9a_Telomerase.bpseq.db.txt,10.138248847926267,"C,C,U,_,C,G,G,C,C,U,G,_,C,_,C,G,C,C,_,U,U,C,C,G,A,G,C,A,A,A,C,A,_,A,A,A,A,A,U,G,U,C,A,G,C,U,G,C,U,G,_,G,C,C,G,A,G,G,C,C,G,C,G,G,U,C,G,G,C,C,C,G,G,_,G,_,G,C,U,U,C,U,C,C,G,G,A,G,_,_,G,C,A,C,C,C,A,C,_,U,G,C,C,A,C,C,G,C,G,A,A,G,A,G,U,U,G,G,G,C,U,C,U,G,U,C,A,_,G,C","C,C,U,G,C,G,G,C,G,G,G,U,C,A,G,G,C,C,U,U,U,C,A,G,_,G,C,C,G,_,C,A,G,G,A,A,G,A,G,G,A,_,A,_,C,_,G,_,_,G,A,G,C,_,G,A,G,U,C,C,C,C,G,_,_,C,G,_,C,G,C,G,G,C,G,C,G,A,U,U,C,_,C,C,U,G,A,G,C,U,G,U,G,G,G,_,A,C,G,U,G,C,_,A,C,C,_,C,_,A,G,G,A,C,U,C,G,G,_,C,U,C,A,C,A,C,A,U,G,C"
7tre_Telomerase.bpseq.db.txt,8gap_Telomerase.bpseq.db.txt,5.529953917050691,"C,A,A,_,A,C,A,A,A,A,A,A,U,G,U,C,A,G,C,U,G,C,U,G","C,A,A,C,C,C,C,A,A,A,A,A,U,C,U,_,A,G,_,U,G,C,U,G"
7trf_Telomerase.bpseq.db.txt,7uy5_Telomerase.bpseq.db.txt,5.529953917050691,"C,A,A,_,A,C,A,A,A,A,A,A,U,G,U,C,A,G,C,U,G,C,U,G","C,A,A,C,C,C,C,A,A,A,A,A,U,C,U,_,A,G,_,U,G,C,U,G"
7trf_Telomerase.bpseq.db.txt,7uy6_Telomerase.bpseq.db.txt,5.529953917050691,"C,A,A,_,A,C,A,A,A,A,A,A,U,G,U,C,A,G,C,U,G,C,U,G","C,A,A,C,C,C,C,A,A,A,A,A,U,C,U,_,A,G,_,U,G,C,U,G"
7trf_Telomerase.bpseq.db.txt,7v99_Telomerase.bpseq.db.txt,81.48148148148148,"G,G,C,C,A,U,U,U,U,U,U,G,U,C,U,A,A,C,C,C,U,A,A,C,U,G,A,G,A,A,G,G,G,C,G,U,A,G,G,C,G,C,C,G,U,G,C,U,U,U,U,G,C,U,C,C,C,C,G,C,G,C,G,C,U,G,U,U,U,U,U,C,U,C,G,C,U,G,A,C,U,U,U,C,A,G,C,G,G,G,C,G,G,A,A,A,A,G,C,C,U,C,G,G,C,C,U,G,C,C,G,C,C,U,U,C,C,G,A,G,C,A,A,A,C,A,A,A,A,A,A,U,G,U,C,A,G,C,U,G,C,U,_,_,_,_,_,_,_,G,_,_,_,_,_,_,G,C,C,_,_,G,A,G,G,C,C,G,C,G,G,U,C,G,G,C,C,C,G,G,G,G,C,U,U,C,U,C,C,G,G,A,G,G,C,A,C,C,C,A,C,U,G,C,C,A,C,C,G,C,G,A,A,G,A,G,U,U,G,G,G,C,U,C,U,G,U,C,A,G,C,C","G,G,C,C,A,U,U,U,U,U,U,G,U,C,U,A,A,C,C,C,U,A,A,C,U,G,A,G,A,A,G,G,G,C,G,U,A,G,G,C,G,C,C,G,U,G,C,U,U,U,U,G,C,U,C,C,C,C,G,C,G,C,G,C,U,G,U,U,U,U,U,C,U,C,G,C,U,G,A,C,U,U,U,C,A,G,C,G,G,G,C,G,G,A,A,A,A,G,C,C,U,C,G,G,C,C,U,G,C,C,G,C,C,U,U,_,_,G,A,G,C,A,A,A,C,A,A,A,A,A,A,U,G,U,C,A,G,C,U,G,C,U,G,G,C,C,C,C,C,G,A,A,C,C,C,C,G,C,C,U,G,G,A,G,G,C,C,G,C,G,G,U,C,G,G,C,C,C,G,G,G,G,C,U,U,C,U,C,C,G,G,A,G,G,C,A,C,C,C,A,C,U,G,C,C,A,C,C,G,C,G,A,A,G,A,G,U,U,G,G,G,C,U,C,U,G,U,C,A,G,C,C"
7trf_Telomerase.bpseq.db.txt,7v9a_Telomerase.bpseq.db.txt,10.138248847926267,"C,C,U,_,C,G,G,C,C,U,G,_,C,_,C,G,C,C,_,U,U,C,C,G,A,G,C,A,A,A,C,A,_,A,A,A,A,A,U,G,U,C,A,G,C,U,G,C,U,G,_,G,C,C,G,A,G,G,C,C,G,C,G,G,U,C,G,G,C,C,C,G,G,_,G,_,G,C,U,U,C,U,C,C,G,G,A,G,_,_,G,C,A,C,C,C,A,C,_,U,G,C,C,A,C,C,G,C,G,A,A,G,A,G,U,U,G,G,G,C,U,C,U,G,U,C,A,_,G,C","C,C,U,G,C,G,G,C,G,G,G,U,C,A,G,G,C,C,U,U,U,C,A,G,_,G,C,C,G,_,C,A,G,G,A,A,G,A,G,G,A,_,A,_,C,_,G,_,_,G,A,G,C,_,G,A,G,U,C,C,C,C,G,_,_,C,G,_,C,G,C,G,G,C,G,C,G,A,U,U,C,_,C,C,U,G,A,G,C,U,G,U,G,G,G,_,A,C,G,U,G,C,_,A,C,C,_,C,_,A,G,G,A,C,U,C,G,G,_,C,U,C,A,C,A,C,A,U,G,C"
7trf_Telomerase.bpseq.db.txt,8gap_Telomerase.bpseq.db.txt,5.529953917050691,"C,A,A,_,A,C,A,A,A,A,A,A,U,G,U,C,A,G,C,U,G,C,U,G","C,A,A,C,C,C,C,A,A,A,A,A,U,C,U,_,A,G,_,U,G,C,U,G"
7uy5_Telomerase.bpseq.db.txt,7uy6_Telomerase.bpseq.db.txt,100.0,"C,C,C,G,C,U,U,A,A,U,U,C,A,U,U,C,A,G,A,U,C,U,G,U,A,A,U,A,G,A,A,C,U,G,U,C,A,U,U,C,A,A,C,C,C,C,A,A,A,A,A,U,C,U,A,G,U,G,C,U,G,A,U,A,U,A,A,C,C,U,U,C,A,C,C,A,A,U,U,A,G,G,U,U,C,A,A,A,U,A,A,G,U,G,G,U,A,A,U,G,C,G,G,G,A,C,A,A,A,A,G,A,C,U,A,U,C,G,A,C,A,U,U,U,G,A,U,A,C,A,C,U,A,U,U,U,A,U,C,A,A,U,G,G,A,U,G,U,C,U,U,A,U,U,U,U","C,C,C,G,C,U,U,A,A,U,U,C,A,U,U,C,A,G,A,U,C,U,G,U,A,A,U,A,G,A,A,C,U,G,U,C,A,U,U,C,A,A,C,C,C,C,A,A,A,A,A,U,C,U,A,G,U,G,C,U,G,A,U,A,U,A,A,C,C,U,U,C,A,C,C,A,A,U,U,A,G,G,U,U,C,A,A,A,U,A,A,G,U,G,G,U,A,A,U,G,C,G,G,G,A,C,A,A,A,A,G,A,C,U,A,U,C,G,A,C,A,U,U,U,G,A,U,A,C,A,C,U,A,U,U,U,A,U,C,A,A,U,G,G,A,U,G,U,C,U,U,A,U,U,U,U"
7uy5_Telomerase.bpseq.db.txt,7v99_Telomerase.bpseq.db.txt,4.938271604938271,"C,A,A,C,C,C,C,A,A,A,A,A,U,C,U,_,A,G,_,U,G,C,U,G","C,A,A,A,C,A,_,A,A,A,A,A,U,G,U,C,A,G,C,U,G,C,U,G"
7uy5_Telomerase.bpseq.db.txt,7v9a_Telomerase.bpseq.db.txt,6.410256410256411,"C,U,A,G,U,G,C,U,G,A,U,A,U,A,A,C,C,U,U,C,A,_,C,C,A,_,_,A,U,U,A,G,G,U,U,C,A,_,A,_,A,U","C,U,_,G,A,G,C,U,G,_,U,G,G,G,A,C,G,U,G,C,A,C,C,C,A,G,G,A,C,U,C,G,G,C,U,C,A,C,A,C,A,U"
7uy5_Telomerase.bpseq.db.txt,8gap_Telomerase.bpseq.db.txt,98.11320754716981,"C,C,C,G,C,U,U,A,A,U,U,C,A,U,U,C,A,G,A,U,C,U,G,U,A,A,U,A,G,A,A,C,U,G,U,C,A,U,U,C,A,A,C,C,C,C,A,A,A,A,A,U,C,U,A,G,U,G,C,U,G,A,U,A,U,A,A,C,C,U,U,C,A,C,C,A,A,U,U,A,G,G,U,U,C,A,A,A,U,A,A,G,U,G,G,U,A,A,U,G,C,G,G,G,A,C,A,A,A,A,G,A,C,U,A,U,C,G,A,C,A,U,U,U,G,A,U,A,C,A,C,U,A,U,U,U,A,U,C,A,A,U,G,G,A,U,G,U,C,U,U,A,U,U,U,U","C,C,C,G,C,U,U,A,A,U,U,C,A,U,U,C,A,G,A,U,C,U,G,U,A,A,U,A,G,A,A,C,U,G,U,C,A,U,U,C,A,A,C,C,C,C,A,A,A,A,A,U,C,U,A,G,U,G,C,U,G,A,U,A,U,A,A,C,C,U,U,C,A,C,C,A,A,U,U,A,G,G,U,U,C,A,A,A,U,A,A,G,U,G,G,U,A,A,U,G,C,G,G,G,A,C,A,A,A,A,G,A,C,U,A,U,C,G,A,C,A,U,U,U,G,A,U,A,C,A,C,U,A,U,U,U,A,U,C,A,A,U,G,G,A,U,G,U,C,U,U,A,U,U,U,U"
7uy6_Telomerase.bpseq.db.txt,7v99_Telomerase.bpseq.db.txt,4.938271604938271,"C,A,A,C,C,C,C,A,A,A,A,A,U,C,U,_,A,G,_,U,G,C,U,G","C,A,A,A,C,A,_,A,A,A,A,A,U,G,U,C,A,G,C,U,G,C,U,G"
7uy6_Telomerase.bpseq.db.txt,7v9a_Telomerase.bpseq.db.txt,6.410256410256411,"C,U,A,G,U,G,C,U,G,A,U,A,U,A,A,C,C,U,U,C,A,_,C,C,A,_,_,A,U,U,A,G,G,U,U,C,A,_,A,_,A,U","C,U,_,G,A,G,C,U,G,_,U,G,G,G,A,C,G,U,G,C,A,C,C,C,A,G,G,A,C,U,C,G,G,C,U,C,A,C,A,C,A,U"
7uy6_Telomerase.bpseq.db.txt,8gap_Telomerase.bpseq.db.txt,98.11320754716981,"C,C,C,G,C,U,U,A,A,U,U,C,A,U,U,C,A,G,A,U,C,U,G,U,A,A,U,A,G,A,A,C,U,G,U,C,A,U,U,C,A,A,C,C,C,C,A,A,A,A,A,U,C,U,A,G,U,G,C,U,G,A,U,A,U,A,A,C,C,U,U,C,A,C,C,A,A,U,U,A,G,G,U,U,C,A,A,A,U,A,A,G,U,G,G,U,A,A,U,G,C,G,G,G,A,C,A,A,A,A,G,A,C,U,A,U,C,G,A,C,A,U,U,U,G,A,U,A,C,A,C,U,A,U,U,U,A,U,C,A,A,U,G,G,A,U,G,U,C,U,U,A,U,U,U,U","C,C,C,G,C,U,U,A,A,U,U,C,A,U,U,C,A,G,A,U,C,U,G,U,A,A,U,A,G,A,A,C,U,G,U,C,A,U,U,C,A,A,C,C,C,C,A,A,A,A,A,U,C,U,A,G,U,G,C,U,G,A,U,A,U,A,A,C,C,U,U,C,A,C,C,A,A,U,U,A,G,G,U,U,C,A,A,A,U,A,A,G,U,G,G,U,A,A,U,G,C,G,G,G,A,C,A,A,A,A,G,A,C,U,A,U,C,G,A,C,A,U,U,U,G,A,U,A,C,A,C,U,A,U,U,U,A,U,C,A,A,U,G,G,A,U,G,U,C,U,U,A,U,U,U,U"
7v99_Telomerase.bpseq.db.txt,7v9a_Telomerase.bpseq.db.txt,8.641975308641975,"G,G,A,G,G,C,C,G,C,G,G,_,_,U,C,G,G,_,_,C,C,C,G,G,G,G,_,C,U,U,C,U,C,C,G,G,_,A,G,G,_,C,A,C,C,C,A,C,U,G,C,C,A,_,_,C,C,G,C,_,_,G,A,A,G,A,_,G,_,U,U,G,G,_,G,C,U,C,U,G,U,C,A,G,C,C,G,C,G,G,G,U,C,_,U,C,U,C,G","G,G,A,G,G,G,U,G,_,G,G,C,C,U,G,G,G,A,U,C,C,C,G,G,G,G,A,C,_,_,C,U,G,C,G,G,C,G,G,G,U,C,A,G,G,C,_,C,U,U,U,C,A,G,G,C,C,G,C,A,G,G,A,A,G,A,G,G,A,A,C,G,G,A,G,C,G,A,_,G,U,C,C,_,C,C,G,C,G,C,G,_,C,G,G,C,G,C,G"
7v99_Telomerase.bpseq.db.txt,8gap_Telomerase.bpseq.db.txt,4.938271604938271,"C,A,A,_,A,C,A,A,A,A,A,A,U,G,U,C,A,G,C,U,G,C,U,G","C,A,A,C,C,C,C,A,A,A,A,A,U,C,U,_,A,G,_,U,G,C,U,G"
7v9a_Telomerase.bpseq.db.txt,8gap_Telomerase.bpseq.db.txt,6.289308176100629,"C,U,_,G,A,G,C,U,G,_,U,G,G,G,A,C,G,U,G,C,A,C,C,C,A,G,G,A,C,U,C,G,G,C,U,C,A,C,A,C,A,U","C,U,A,G,U,G,C,U,G,A,U,A,U,A,A,C,C,U,U,C,A,C,C,_,A,_,_,A,U,U,A,G,G,U,U,C,A,_,A,_,A,U"
